Date,Home Team,Home Score,Away Team,Away Score
2018-08-24,Crest Ridge,19,Archie,28
2018-08-24,Cassville,42,Aurora,12
2018-08-24,Ruskin,6,Belton,61
2018-08-24,Winnetonka,34,Benton,20
2018-08-24,Jefferson (Festus),51,Bishop DuBourg with Hancock,6
2018-08-24,William Chrisman,0,Blue Springs,39
2018-08-24,Pleasant Hill,42,Boonville,0
2018-08-24,Ava,16,Buffalo,20
2018-08-24,Adrian,28,Butler,0
2018-08-24,Warrensburg,55,California,7
2018-08-24,Northeast (Kansas City),22,Cameron,40
2018-08-24,Confluence Prep Academy Charter,0,Cardinal Ritter,82
2018-08-24,Fayette,34,Carrollton,0
2018-08-24,Nixa,7,Carthage,38
2018-08-24,North County,56,Central (Cape Girardeau),34
2018-08-24,Crystal City,0,Chaffee,20
2018-08-24,Portageville,13,Charleston,56
2018-08-24,Marshall,16,Chillicothe,0
2018-08-24,Lafayette (St. Joseph),48,Clinton,0
2018-08-24,Duchesne,27,Clopton with Elsberry,19
2018-08-24,Concordia,15,Cole Camp,42
2018-08-24,Herculaneum,18,Cuba,14
2018-08-24,Hazelwood Central,2,De Smet Jesuit,37
2018-08-24,Ash Grove,0,Diamond,16
2018-08-24,Cabool,40,Doniphan,6
2018-08-24,South Harrison,22,East Buchanan,32
2018-08-24,Kelly,12,East Prairie,22
2018-08-24,Pembroke Hill,14,El Dorado Springs,8
2018-08-24,Bolivar,26,Eldon,42
2018-08-24,Ft. Zumwalt West,20,Eureka,24
2018-08-24,Southeast,25,Excelsior Springs,41
2018-08-24,Union,12,Farmington,23
2018-08-24,Hallsville,16,Father Tolton,29
2018-08-24,Skyline,60,Forsyth,12
2018-08-24,Raytown South,6,Fort Osage,35
2018-08-24,Festus,6,Fox,27
2018-08-24,Ft. Zumwalt East,43,Francis Howell Central,28
2018-08-24,Northwest (Cedar Hill),34,Francis Howell North,14
2018-08-24,Francis Howell,27,Ft. Zumwalt North,34
2018-08-24,Clayton,33,Gateway,0
2018-08-24,Rolla,31,Glendale,26
2018-08-24,Scott City,50,Grandview (Hillsboro),0
2018-08-24,Helias Catholic,35,Hannibal,34
2018-08-24,Kearney,46,Harrisonville,6
2018-08-24,East Newton,0,Hollister,35
2018-08-24,Ft. Zumwalt South,0,Holt,40
2018-08-24,Drexel with Miami (Amoret),22,Jasper,24
2018-08-24,Kirkwood,37,Jefferson City,0
2018-08-24,Fredericktown,19,Kennett,55
2018-08-24,Versailles,30,Knob Noster,68
2018-08-24,Ritenour,7,Ladue Horton Watkins,37
2018-08-24,Trenton,7,Lathrop,55
2018-08-24,Oak Grove,17,Lawson,32
2018-08-24,Kickapoo,0,Lebanon,41
2018-08-24,Liberty North,13,Lee's Summit North,40
2018-08-24,Park Hill,21,Lee's Summit West,34
2018-08-24,Greenfield,22,Liberal with Bronaugh,8
2018-08-24,Lee's Summit,43,Liberty,19
2018-08-24,Richmond,19,Liberty (Mountain View),61
2018-08-24,Warrenton,13,Liberty (Wentzville),21
2018-08-24,Hogan Prep Academy Charter,36,Lincoln College Prep,12
2018-08-24,Lamar,65,Logan-Rogersville,20
2018-08-24,Affton,7,Lutheran South,48
2018-08-24,Lift for Life Academy Charter,12,Lutheran St. Charles,35
2018-08-24,Kirksville,27,Macon,34
2018-08-24,Central (New Madrid County),50,Malden,40
2018-08-24,Scotland County,13,Marceline,43
2018-08-24,McDonald County,7,Marshfield,41
2018-08-24,Blair Oaks,38,Maryville,35
2018-08-24,Jennings,28,McCluer,0
2018-08-24,Lindbergh,17,Mehlville,7
2018-08-24,Plattsburg,14,Milan,41
2018-08-24,Caruthersville,27,Miller Career Academy,24
2018-08-24,Centralia,0,Monroe City,38
2018-08-24,Hermann,28,Montgomery County,12
2018-08-24,Fair Grove,34,Mountain Grove,0
2018-08-24,Monett,7,Mt. Vernon,37
2018-08-24,Ozark,0,Neosho with Neosho Christian,35
2018-08-24,Missouri Military Academy,0,North Callaway,63
2018-08-24,Grandview,23,North Kansas City,30
2018-08-24,Gallatin,31,North Platte,6
2018-08-24,Platte County,35,Oak Park,0
2018-08-24,Hazelwood West,40,Oakville,7
2018-08-24,Fulton,27,Osage,42
2018-08-24,St. Francis Borgia,42,Pacific,6
2018-08-24,Brookfield,6,Palmyra,7
2018-08-24,Raymore-Peculiar,41,Park Hill South,35
2018-08-24,Central (Springfield),20,Parkview,56
2018-08-24,Rockwood Summit,14,Parkway Central,21
2018-08-24,Marquette,26,Parkway North,7
2018-08-24,Parkway West,35,Parkway South,0
2018-08-24,Hickman,23,Pattonville,20
2018-08-24,Maysville with Winston,14,Penney,43
2018-08-24,DeSoto with Kingston,6,Perryville,3
2018-08-24,Lockwood with Golden City,12,Pierce City,36
2018-08-24,Marionville,58,Pleasant Hope,0
2018-08-24,Sumner,8,Poplar Bluff,50
2018-08-24,Owensville,14,Potosi,55
2018-08-24,Mid-Buchanan,40,Princeton with Mercer,14
2018-08-24,Bishop LeBlond,12,Putnam County,26
2018-08-24,Blue Springs South,34,Raytown,41
2018-08-24,Nevada,32,Reeds Spring,52
2018-08-24,Branson,19,Republic,13
2018-08-24,Lincoln,41,Rich Hill with Hume,8
2018-08-24,Rock Bridge,33,Rockhurst,21
2018-08-24,St. James,20,Salem,24
2018-08-24,Slater,38,Santa Fe,14
2018-08-24,Houston,18,Sarcoxie,0
2018-08-24,Grain Valley,34,Savannah,6
2018-08-24,Knox County,14,Schuyler County,8
2018-08-24,Washington,13,Seckman,27
2018-08-24,Holden,36,Sherwood,16
2018-08-24,Vashon,0,Sikeston,64
2018-08-24,Battle,53,SLUH,25
2018-08-24,Moberly,14,Smith-Cotton,21
2018-08-24,Central (St. Joseph),13,Smithville,41
2018-08-24,Lafayette County,41,South Callaway,20
2018-08-24,Bowling Green,43,South Shelby,24
2018-08-24,Mexico,6,Southern Boone,49
2018-08-24,Seneca,42,Springfield Catholic,50
2018-08-24,Central (Park Hills),7,St. Clair,37
2018-08-24,St. Charles West,14,St. Dominic,21
2018-08-24,Tipton,30,St. Paul Lutheran (Concordia),16
2018-08-24,Odessa,48,St. Pius X (Kansas City),0
2018-08-24,Dexter,0,Ste. Genevieve,21
2018-08-24,Miller with Everton,43,Stockton,0
2018-08-24,Willow Springs,0,Strafford,50
2018-08-24,Hillsboro,30,Sullivan,17
2018-08-24,Hayti,46,Thayer,14
2018-08-24,Lafayette (Wildwood),6,Timberland,44
2018-08-24,Staley,55,Truman,6
2018-08-24,St. Vincent,9,Valle Catholic,47
2018-08-24,East (Kansas City),6,Van Horn,24
2018-08-24,Orchard Farm,27,Veritas Christian Academy,33
2018-08-24,Midway,19,Warsaw,6
2018-08-24,Camdenton,49,Waynesville,0
2018-08-24,Carl Junction,9,Webb City,42
2018-08-24,Jackson,42,Webster Groves,7
2018-08-24,Hillcrest,0,West Plains,42
2018-08-24,Lone Jack with Kingsville,0,West Platte,46
2018-08-24,Salisbury,7,Westran,53
2018-08-24,Joplin,41,Willard,18
2018-08-24,Sweet Springs with Malta Bend,12,Windsor,50
2018-08-24,Wright City,0,Winfield,43
2018-08-25,Brentwood,39,Bayless,13
2018-08-25,Normandy Collaborative,44,Carnahan,0
2018-08-25,Center,46,Central (Kansas City),0
2018-08-25,Highland,12,Clark County,40
2018-08-25,Soldan International Studies,22,John Burroughs,44
2018-08-25,Louisiana,34,Mark Twain,54
2018-08-25,MICDS,28,McCluer South-Berkeley,6
2018-08-25,St. Charles,16,Priory,35
2018-08-25,Wellington-Napoleon,20,University Academy Charter,24
2018-08-25,Hazelwood East,40,University City,0
2018-08-25,St. Mary's South Side,30,Westminster Christian Academy,44
2018-08-30,Bishop DuBourg with Hancock,12,Affton,28
2018-08-30,University City,6,Clayton,30
2018-08-30,Lift for Life Academy Charter,72,Confluence Prep Academy Charter,0
2018-08-30,Webster Groves,6,Hazelwood Central,28
2018-08-30,Francis Howell,28,Kirkwood,37
2018-08-30,Parkway South,3,Northwest (Cedar Hill),7
2018-08-31,Midway,21,Archie,14
2018-08-31,Stockton,14,Ash Grove,26
2018-08-31,Smith-Cotton,22,Battle,39
2018-08-31,East Buchanan,46,Bishop LeBlond,12
2018-08-31,Raymore-Peculiar,35,Blue Springs South,34
2018-08-31,Liberty (Mountain View),14,Bolivar,20
2018-08-31,Holden,14,Boonville,49
2018-08-31,Palmyra,39,Bowling Green,0
2018-08-31,Neosho with Neosho Christian,20,Branson,7
2018-08-31,John Burroughs,41,Brentwood,12
2018-08-31,Monroe City,8,Brookfield,0
2018-08-31,Versailles,35,Buffalo,21
2018-08-31,Chaffee,0,Cabool,42
2018-08-31,Mexico,22,California,15
2018-08-31,Parkview,6,Camdenton,44
2018-08-31,Carthage,42,Carl Junction,18
2018-08-31,Malden,18,Caruthersville,49
2018-08-31,Springfield Catholic,7,Cassville,34
2018-08-31,East Prairie,38,Central (New Madrid County),68
2018-08-31,Lebanon,59,Central (Springfield),0
2018-08-31,Lee's Summit North,41,Central (St. Joseph),7
2018-08-31,Centralia,19,Clark County,8
2018-08-31,Santa Fe,22,Crest Ridge,54
2018-08-31,Mehlville,52,DeSoto with Kingston,22
2018-08-31,Salem,20,Dexter,28
2018-08-31,Thayer,52,Doniphan,14
2018-08-31,Appleton City with Montrose,41,Drexel with Miami (Amoret),16
2018-08-31,Cameron,24,East (Kansas City),8
2018-08-31,Aurora,33,East Newton,0
2018-08-31,Sherwood,0,El Dorado Springs,43
2018-08-31,Timberland,13,Eureka,20
2018-08-31,Benton,7,Excelsior Springs,35
2018-08-31,Skyline,6,Fair Grove,34
2018-08-31,Lutheran St. Charles,40,Father Tolton,18
2018-08-31,Scotland County,16,Fayette,46
2018-08-31,Sullivan,13,Festus,20
2018-08-31,Lee's Summit West,22,Fort Osage,15
2018-08-31,Herculaneum,12,Fredericktown,26
2018-08-31,Francis Howell Central,28,Ft. Zumwalt South,37
2018-08-31,Ft. Zumwalt North,28,Ft. Zumwalt West,14
2018-08-31,Southern Boone,54,Fulton,7
2018-08-31,Penney,21,Gallatin,13
2018-08-31,Grandview,20,Grain Valley,30
2018-08-31,Portageville,50,Grandview (Hillsboro),20
2018-08-31,Ava,31,Hallsville,0
2018-08-31,Schuyler County,26,Harrisburg,12
2018-08-31,Charleston,8,Hayti,70
2018-08-31,Soldan International Studies,6,Hazelwood West,46
2018-08-31,South Callaway,21,Hermann,6
2018-08-31,Helias Catholic,34,Hickman,14
2018-08-31,Glendale,27,Hillcrest,32
2018-08-31,Pattonville,49,Holt,21
2018-08-31,Cuba,22,Houston,61
2018-08-31,Parkway North,0,Jackson,35
2018-08-31,Hannibal,27,Jefferson City,30
2018-08-31,Webb City,47,Joplin,27
2018-08-31,Crystal City,0,Kelly,31
2018-08-31,Waynesville,22,Kickapoo,25
2018-08-31,Chillicothe,0,Kirksville,41
2018-08-31,Marceline,41,Knox County,6
2018-08-31,SLUH,6,Ladue Horton Watkins,14
2018-08-31,Center,13,Lafayette (St. Joseph),20
2018-08-31,Hazelwood East,28,Lafayette (Wildwood),14
2018-08-31,Lawson,35,Lafayette County,0
2018-08-31,Hollister,6,Lamar,51
2018-08-31,Belton,22,Lee's Summit,27
2018-08-31,Adrian,56,Liberal with Bronaugh,0
2018-08-31,Truman,0,Liberty North,49
2018-08-31,Concordia,7,Lincoln,43
2018-08-31,Southeast,6,Lincoln College Prep,42
2018-08-31,Fox,37,Lindbergh,7
2018-08-31,Sarcoxie,47,Lockwood with Golden City,29
2018-08-31,Highland,0,Macon,46
2018-08-31,Parkway Central,0,Marquette,33
2018-08-31,Harrisonville,0,Maryville,36
2018-08-31,Sikeston,0,McCluer North,7
2018-08-31,Logan-Rogersville,13,McDonald County,21
2018-08-31,Maysville with Winston,6,Mid-Buchanan,49
2018-08-31,Mark Twain,0,Milan,21
2018-08-31,Pleasant Hope,14,Miller with Everton,55
2018-08-31,Clopton with Elsberry,38,Missouri Military Academy,6
2018-08-31,Osage,0,Moberly,34
2018-08-31,Marshfield,31,Monett,23
2018-08-31,Strafford,42,Mountain Grove,6
2018-08-31,Mt. Vernon,48,Nevada,16
2018-08-31,Republic,13,Nixa,17
2018-08-31,Farmington,48,North County,22
2018-08-31,Princeton with Mercer,58,North Platte,22
2018-08-31,Blair Oaks,48,Oak Grove,0
2018-08-31,Clinton,7,Odessa,67
2018-08-31,St. Dominic,42,Orchard Farm,21
2018-08-31,Eldon,34,Owensville,6
2018-08-31,Willard,19,Ozark,7
2018-08-31,Liberty,24,Park Hill,21
2018-08-31,Oakville,9,Parkway West,42
2018-08-31,Diamond,0,Pierce City,35
2018-08-31,Park Hill South,14,Platte County,45
2018-08-31,Savannah,25,Pleasant Hill,39
2018-08-31,Riverview Gardens,20,Poplar Bluff,47
2018-08-31,St. Clair,30,Potosi,13
2018-08-31,Oak Park,14,Raytown,7
2018-08-31,Jasper,50,Rich Hill with Hume,6
2018-08-31,Francis Howell North,6,Ritenour,38
2018-08-31,De Smet Jesuit,35,Rock Bridge,17
2018-08-31,Blue Springs,0,Rockhurst,17
2018-08-31,Ft. Zumwalt East,19,Rockwood Summit,48
2018-08-31,West Plains,49,Rolla,0
2018-08-31,Smithville,48,Ruskin,0
2018-08-31,Reeds Spring,28,Seneca,0
2018-08-31,Polo,8,Slater,14
2018-08-31,West Platte,26,South Harrison,30
2018-08-31,Putnam County,20,South Shelby,44
2018-08-31,McCluer,0,St. Charles,21
2018-08-31,Hillsboro,14,St. Charles West,30
2018-08-31,Union,26,St. Francis Borgia,44
2018-08-31,Perryville,28,St. James,12
2018-08-31,Lutheran South,29,St. Mary's South Side,28
2018-08-31,Scott City,49,St. Vincent,14
2018-08-31,Kearney,7,Staley,28
2018-08-31,McCluer South-Berkeley,40,Sumner,0
2018-08-31,St. Paul Lutheran (Concordia),0,Sweet Springs with Malta Bend,30
2018-08-31,North Callaway,35,Tipton,12
2018-08-31,Lexington,44,Trenton,21
2018-08-31,Ste. Genevieve,7,Valle Catholic,6
2018-08-31,Louisiana,34,Van-Far with Community,44
2018-08-31,Veritas Christian Academy,51,Vashon,0
2018-08-31,Marshall,27,Warrensburg,48
2018-08-31,Troy Buchanan,39,Warrenton,13
2018-08-31,Knob Noster,44,Warsaw,40
2018-08-31,Pacific,0,Washington,35
2018-08-31,Lone Jack with Kingsville,6,Wellington-Napoleon,50
2018-08-31,Carrollton,0,Westran,20
2018-08-31,North Kansas City,41,William Chrisman,7
2018-08-31,Marionville,14,Willow Springs,34
2018-08-31,Cole Camp,21,Windsor,0
2018-08-31,Montgomery County,26,Winfield,57
2018-08-31,Raytown South,19,Winnetonka,7
2018-08-31,Duchesne,14,Wright City,20
2018-09-01,St. Pius X (Festus),48,Bayless,0
2018-09-01,Northeast (Kansas City),22,Central (Kansas City),32
2018-09-01,Lathrop,52,Hogan Prep Academy Charter,12
2018-09-01,Gateway,6,Jennings,62
2018-09-01,Central (Park Hills),14,MICDS,28
2018-09-01,Central (Cape Girardeau),26,Normandy Collaborative,18
2018-09-01,Priory,41,Principia,7
2018-09-01,Pembroke Hill,34,University Academy Charter,18
2018-09-01,Butler,6,Van Horn,48
2018-09-01,Liberty (Wentzville),21,Westminster Christian Academy,14
2018-09-06,Chaminade College Prep,7,Christian Brothers College,49
2018-09-06,Principia,14,Crystal City,7
2018-09-06,Rockwood Summit,19,Fox,22
2018-09-06,Parkway Central,13,Ft. Zumwalt North,28
2018-09-06,Clayton,34,Jennings,32
2018-09-06,Kirkwood,58,Marquette,20
2018-09-06,Mexico,35,Marshall,25
2018-09-06,Lafayette (Wildwood),28,Ritenour,27
2018-09-06,University City,16,Seckman,50
2018-09-06,Missouri Military Academy,16,Slater,44
2018-09-06,Liberty (Wentzville),12,Troy Buchanan,28
2018-09-06,Southern Boone,22,Versailles,30
2018-09-06,Ladue Horton Watkins,38,Webster Groves,7
2018-09-06,Confluence Prep Academy Charter,0,Winfield,61
2018-09-07,Drexel with Miami (Amoret),6,Adrian,55
2018-09-07,Parkway West,33,Affton,13
2018-09-07,Archie,49,Appleton City with Montrose,0
2018-09-07,Pleasant Hope,0,Ash Grove,15
2018-09-07,Lamar,43,Aurora,7
2018-09-07,Mountain Grove,12,Ava,28
2018-09-07,Rock Bridge,48,Battle,28
2018-09-07,Fort Osage,40,Belton,6
2018-09-07,Savannah,83,Bishop LeBlond,14
2018-09-07,Boonville,0,Blair Oaks,31
2018-09-07,Lee's Summit North,28,Blue Springs,27
2018-09-07,Mark Twain,14,Bowling Green,35
2018-09-07,Sherwood,12,Butler,18
2018-09-07,Osage,13,California,7
2018-09-07,St. Pius X (Kansas City),28,Cameron,14
2018-09-07,Joplin,14,Carthage,35
2018-09-07,Valle Catholic,42,Caruthersville,56
2018-09-07,Oak Grove,13,Center,36
2018-09-07,Jackson,49,Central (Cape Girardeau),7
2018-09-07,Dexter,6,Central (New Madrid County),22
2018-09-07,Park Hill South,18,Central (St. Joseph),0
2018-09-07,Palmyra,28,Centralia,8
2018-09-07,Hayti,68,Chaffee,6
2018-09-07,Doniphan,0,Charleston,66
2018-09-07,Chaminade College Prep,7,Christian Brothers College,49
2018-09-07,Summit Christian Academy,35,Clinton,0
2018-09-07,Sweet Springs with Malta Bend,36,Concordia,12
2018-09-07,Knob Noster,50,Crest Ridge,8
2018-09-07,Penney,22,East Buchanan,34
2018-09-07,McDonald County,38,East Newton,8
2018-09-07,Scott City,38,East Prairie,28
2018-09-07,Buffalo,20,El Dorado Springs,28
2018-09-07,Hallsville,0,Eldon,6
2018-09-07,Central (Kansas City),6,Excelsior Springs,53
2018-09-07,Rockwood Summit,19,Fox,22
2018-09-07,Central (Park Hills),40,Fredericktown,0
2018-09-07,St. Charles West,28,Ft. Zumwalt East,34
2018-09-07,Parkway Central,13,Ft. Zumwalt North,28
2018-09-07,Francis Howell North,7,Ft. Zumwalt South,37
2018-09-07,Kirksville,42,Fulton,19
2018-09-07,Trenton,7,Gallatin,31
2018-09-07,Central (Springfield),0,Glendale,66
2018-09-07,Winnetonka,21,Grandview,46
2018-09-07,Forsyth,8,Greenfield,36
2018-09-07,Bolivar,12,Hannibal,49
2018-09-07,Eureka,28,Hazelwood Central,6
2018-09-07,Mehlville,19,Hazelwood West,18
2018-09-07,Vianney,42,Helias Catholic,7
2018-09-07,Monroe City,40,Highland,0
2018-09-07,Rolla,48,Hillcrest,0
2018-09-07,Odessa,34,Holden,0
2018-09-07,Springfield Catholic,35,Hollister,0
2018-09-07,Liberal with Bronaugh,6,Jasper,46
2018-09-07,Hickman,7,Jefferson City,19
2018-09-07,Platte County,6,Kearney,28
2018-09-07,St. Vincent,13,Kelly,34
2018-09-07,Ste. Genevieve,21,Kennett,53
2018-09-07,Moberly,27,Lafayette County,6
2018-09-07,Mid-Buchanan,7,Lathrop,48
2018-09-07,Waynesville,0,Lebanon,51
2018-09-07,Blue Springs South,13,Lee's Summit West,41
2018-09-07,Truman,6,Liberty,37
2018-09-07,Thayer,16,Liberty (Mountain View),14
2018-09-07,Northeast (Kansas City),0,Lincoln College Prep,56
2018-09-07,Hazelwood East,14,Lindbergh,24
2018-09-07,Santa Fe,8,Lone Jack with Kingsville,43
2018-09-07,MICDS,28,Lutheran South,0
2018-09-07,Veritas Christian Academy,12,Lutheran St. Charles,27
2018-09-07,Brookfield,6,Marceline,9
2018-09-07,Lockwood with Golden City,8,Marionville,0
2018-09-07,Mt. Vernon,14,Marshfield,12
2018-09-07,Chillicothe,0,Maryville,47
2018-09-07,Milan,41,Maysville with Winston,14
2018-09-07,Parkway South,19,McCluer North,7
2018-09-07,Rich Hill with Hume,6,Midway,38
2018-09-07,Cassville,49,Monett,12
2018-09-07,Clopton with Elsberry,0,North Callaway,47
2018-09-07,Ruskin,7,North Kansas City,48
2018-09-07,McCluer South-Berkeley,26,Orchard Farm,37
2018-09-07,Cuba,34,Owensville,38
2018-09-07,Branson,6,Ozark,0
2018-09-07,Liberty North,7,Park Hill,20
2018-09-07,Kickapoo,7,Parkview,44
2018-09-07,Pattonville,18,Parkway North,0
2018-09-07,Southeast,0,Pembroke Hill,21
2018-09-07,North Platte,28,Plattsburg,6
2018-09-07,Princeton with Mercer,20,Polo,0
2018-09-07,Malden,28,Portageville,22
2018-09-07,Perryville,10,Potosi,8
2018-09-07,South Harrison,12,Putnam County,0
2018-09-07,Rockhurst,31,Raymore-Peculiar,10
2018-09-07,Raytown,35,Raytown South,0
2018-09-07,Logan-Rogersville,15,Reeds Spring,40
2018-09-07,Carl Junction,14,Republic,10
2018-09-07,Pleasant Hill,27,Richmond,12
2018-09-07,Houston,0,Salem,7
2018-09-07,Harrisburg,6,Salisbury,36
2018-09-07,Pierce City,13,Sarcoxie,6
2018-09-07,Fayette,36,Schuyler County,0
2018-09-07,Nevada,12,Seneca,35
2018-09-07,Poplar Bluff,0,Sikeston,34
2018-09-07,Stockton,6,Skyline,44
2018-09-07,De Smet Jesuit,35,SLUH,7
2018-09-07,Warrensburg,21,Smith-Cotton,7
2018-09-07,Grain Valley,0,Smithville,29
2018-09-07,Montgomery County,12,South Callaway,34
2018-09-07,Macon,32,South Shelby,0
2018-09-07,Duchesne,0,St. Charles,42
2018-09-07,Pacific,6,St. Clair,41
2018-09-07,Cardinal Ritter,12,St. Dominic,10
2018-09-07,Father Tolton,21,St. Francis Borgia,49
2018-09-07,Hermann,20,St. James,39
2018-09-07,Carrollton,28,St. Paul Lutheran (Concordia),0
2018-09-07,Lee's Summit,7,Staley,14
2018-09-07,Miller with Everton,7,Strafford,42
2018-09-07,Holt,28,Timberland,30
2018-09-07,Windsor,38,Tipton,22
2018-09-07,Bishop DuBourg with Hancock,6,Trinity Catholic,36
2018-09-07,Wright City,26,Van-Far with Community,14
2018-09-07,Cole Camp,24,Warsaw,6
2018-09-07,Warrenton,14,Washington,19
2018-09-07,Neosho with Neosho Christian,0,Webb City,41
2018-09-07,Lexington,42,Wellington-Napoleon,24
2018-09-07,Camdenton,7,West Plains,41
2018-09-07,Lawson,43,West Platte,21
2018-09-07,Knox County,6,Westran,41
2018-09-07,Nixa,3,Willard,8
2018-09-07,Oak Park,7,William Chrisman,28
2018-09-07,Confluence Prep Academy Charter,0,Winfield,61
2018-09-08,Lift for Life Academy Charter,74,Bayless,0
2018-09-08,Willow Springs,6,Cabool,7
2018-09-08,Farmington,34,Hillsboro,36
2018-09-08,East (Kansas City),6,Hogan Prep Academy Charter,38
2018-09-08,Westminster Christian Academy,7,John Burroughs,28
2018-09-08,Benton,15,Lafayette (St. Joseph),46
2018-09-08,St. Mary's South Side,36,Normandy Collaborative,8
2018-09-08,McCluer South-Berkeley,26,Orchard Farm,37
2018-09-08,Northwest (Cedar Hill),33,Riverview Gardens,0
2018-09-08,Sullivan,0,Union,12
2018-09-09,Jefferson (Festus),60,Herculaneum,0
2018-09-10,North County,20,Festus,42
2018-09-10,Gateway,6,Miller Career Academy,39
2018-09-10,Sumner,14,Priory,56
2018-09-10,Grandview (Hillsboro),13,St. Pius X (Festus),49
2018-09-10,Soldan International Studies,42,Vashon,6
2018-09-13,Bishop DuBourg with Hancock,48,Missouri Military Academy,6
2018-09-13,Parkway North,26,Parkway West,19
2018-09-13,Charleston,36,Scott City,23
2018-09-14,Appleton City with Montrose,0,Adrian,47
2018-09-14,University City,16,Affton,23
2018-09-14,Pierce City,54,Ash Grove,0
2018-09-14,Liberty (Mountain View),14,Ava,24
2018-09-14,Bishop LeBlond,14,Benton,39
2018-09-14,Versailles,0,Blair Oaks,37
2018-09-14,Rockhurst,35,Blue Springs South,0
2018-09-14,Marshall,7,Bolivar,47
2018-09-14,California,0,Boonville,43
2018-09-14,Webb City,22,Branson,20
2018-09-14,Lexington,38,Brookfield,20
2018-09-14,Butler,6,Buffalo,48
2018-09-14,Central (Springfield),0,Camdenton,77
2018-09-14,Helias Catholic,35,Cardinal Ritter,61
2018-09-14,Willard,13,Carl Junction,17
2018-09-14,Salisbury,0,Carrollton,40
2018-09-14,Seneca,27,Cassville,62
2018-09-14,Van Horn,6,Center,21
2018-09-14,Doniphan,8,Central (New Madrid County),64
2018-09-14,Confluence Prep Academy Charter,20,Central (Park Hills),59
2018-09-14,Highland,6,Centralia,56
2018-09-14,Portageville,39,Chaffee,28
2018-09-14,Cameron,8,Chillicothe,34
2018-09-14,Van-Far with Community,42,Clopton with Elsberry,50
2018-09-14,El Dorado Springs,28,Cole Camp,16
2018-09-14,Valle Catholic,49,Crystal City,0
2018-09-14,Christian Brothers College,49,De Smet Jesuit,14
2018-09-14,Miller with Everton,57,Diamond,18
2018-09-14,Rich Hill with Hume,12,Drexel with Miami (Amoret),52
2018-09-14,Lutheran St. Charles,62,Duchesne,0
2018-09-14,West Platte,20,East Buchanan,48
2018-09-14,Lafayette (Wildwood),17,Eureka,56
2018-09-14,Central (Cape Girardeau),20,Farmington,38
2018-09-14,St. Dominic,42,Father Tolton,34
2018-09-14,Marceline,9,Fayette,14
2018-09-14,Hillsboro,32,Festus,22
2018-09-14,Fair Grove,67,Forsyth,0
2018-09-14,North Kansas City,19,Fort Osage,18
2018-09-14,Francis Howell,42,Francis Howell Central,0
2018-09-14,Holt,56,Francis Howell North,20
2018-09-14,Perryville,25,Fredericktown,7
2018-09-14,Liberty (Wentzville),8,Ft. Zumwalt North,35
2018-09-14,Maysville with Winston,0,Gallatin,42
2018-09-14,Soldan International Studies,48,Gateway,0
2018-09-14,Platte County,38,Grain Valley,22
2018-09-14,Cuba,58,Grandview (Hillsboro),18
2018-09-14,Osage,15,Hallsville,40
2018-09-14,Westran,48,Harrisburg,8
2018-09-14,Battle,87,Harrisonville,39
2018-09-14,East Prairie,0,Hayti,54
2018-09-14,Louisiana,18,Hermann,59
2018-09-14,Smith-Cotton,47,Hickman,26
2018-09-14,Crest Ridge,20,Holden,37
2018-09-14,McDonald County,28,Hollister,35
2018-09-14,Cabool,7,Houston,44
2018-09-14,St. Pius X (Festus),6,Jefferson (Festus),20
2018-09-14,Republic,13,Joplin,49
2018-09-14,Caruthersville,12,Kennett,35
2018-09-14,West Plains,42,Kickapoo,0
2018-09-14,Clark County,32,Kirksville,16
2018-09-14,Rockwood Summit,13,Kirkwood,34
2018-09-14,Tipton,12,Knob Noster,52
2018-09-14,Monett,7,Lamar,43
2018-09-14,Plattsburg,14,Lawson,55
2018-09-14,Glendale,40,Lebanon,51
2018-09-14,Blue Springs,27,Lee's Summit,23
2018-09-14,Park Hill,24,Lee's Summit North,14
2018-09-14,Midway,42,Liberal with Bronaugh,6
2018-09-14,Liberty,17,Liberty North,21
2018-09-14,Windsor,12,Lincoln,19
2018-09-14,Jasper,58,Lockwood with Golden City,20
2018-09-14,Aurora,40,Logan-Rogersville,30
2018-09-14,Westminster Christian Academy,10,Lutheran North,49
2018-09-14,Kelly,42,Malden,34
2018-09-14,Greenfield,8,Marionville,14
2018-09-14,South Callaway,39,Mark Twain,0
2018-09-14,Fox,50,Mehlville,13
2018-09-14,Hannibal,42,Mexico,6
2018-09-14,Princeton with Mercer,12,Milan,28
2018-09-14,Fulton,6,Moberly,55
2018-09-14,Macon,26,Monroe City,12
2018-09-14,Bowling Green,50,Montgomery County,28
2018-09-14,Willow Springs,0,Mountain Grove,29
2018-09-14,Reeds Spring,27,Mt. Vernon,26
2018-09-14,Carthage,49,Neosho with Neosho Christian,7
2018-09-14,East Newton,20,Nevada,64
2018-09-14,Ozark,14,Nixa,42
2018-09-14,DeSoto with Kingston,28,North County,60
2018-09-14,Mid-Buchanan,49,North Platte,0
2018-09-14,Seckman,14,Northwest (Cedar Hill),6
2018-09-14,East (Kansas City),12,Oak Grove,47
2018-09-14,Ruskin,14,Oak Park,20
2018-09-14,Lindbergh,28,Oakville,0
2018-09-14,Brentwood,7,Orchard Farm,44
2018-09-14,St. James,43,Owensville,28
2018-09-14,Union,51,Pacific,27
2018-09-14,South Shelby,8,Palmyra,46
2018-09-14,Staley,43,Park Hill South,7
2018-09-14,Ladue Horton Watkins,51,Parkway Central,0
2018-09-14,Marquette,49,Parkway South,0
2018-09-14,Webster Groves,7,Pattonville,51
2018-09-14,Lathrop,78,Penney,6
2018-09-14,Grandview,46,Pleasant Hill,24
2018-09-14,Sarcoxie,42,Pleasant Hope,14
2018-09-14,Ritenour,54,Poplar Bluff,13
2018-09-14,Belton,14,Raymore-Peculiar,42
2018-09-14,William Chrisman,21,Raytown,49
2018-09-14,Smithville,35,Raytown South,7
2018-09-14,Excelsior Springs,63,Richmond,28
2018-09-14,Lee's Summit West,28,Rock Bridge,7
2018-09-14,Parkview,19,Rolla,31
2018-09-14,Wellington-Napoleon,40,Santa Fe,12
2018-09-14,Lafayette (St. Joseph),28,Savannah,65
2018-09-14,Schuyler County,14,Scotland County,52
2018-09-14,Warsaw,48,Sherwood,6
2018-09-14,Jackson,56,Sikeston,14
2018-09-14,Archie,0,Skyline,28
2018-09-14,Jefferson City,34,SLUH,13
2018-09-14,Polo,14,South Harrison,52
2018-09-14,Eldon,7,Southern Boone,39
2018-09-14,Marshfield,20,Springfield Catholic,41
2018-09-14,Winfield,24,St. Charles West,52
2018-09-14,St. Francis Borgia,43,St. Mary's South Side,30
2018-09-14,Concordia,24,St. Paul Lutheran (Concordia),28
2018-09-14,Maryville,56,St. Pius X (Kansas City),0
2018-09-14,Herculaneum,20,St. Vincent,44
2018-09-14,Potosi,6,Ste. Genevieve,21
2018-09-14,Stockton,0,Strafford,70
2018-09-14,St. Clair,54,Sullivan,14
2018-09-14,Lafayette County,21,Summit Christian Academy,28
2018-09-14,University Academy Charter,40,Sweet Springs with Malta Bend,6
2018-09-14,Salem,7,Thayer,36
2018-09-14,Ft. Zumwalt South,14,Timberland,28
2018-09-14,Putnam County,14,Trenton,35
2018-09-14,Ft. Zumwalt West,24,Troy Buchanan,21
2018-09-14,Central (St. Joseph),41,Truman,13
2018-09-14,Trinity Catholic,56,Veritas Christian Academy,6
2018-09-14,Chaminade College Prep,35,Vianney,49
2018-09-14,Clinton,0,Warrensburg,62
2018-09-14,St. Charles,50,Warrenton,40
2018-09-14,Ft. Zumwalt East,21,Washington,0
2018-09-14,Hillcrest,0,Waynesville,19
2018-09-14,Kearney,49,Winnetonka,13
2018-09-14,North Callaway,52,Wright City,22
2018-09-15,Odessa,70,Central (Kansas City),6
2018-09-15,Riverview Gardens,18,Hazelwood East,56
2018-09-15,McCluer South-Berkeley,20,Jennings,6
2018-09-15,Lutheran South,46,John Burroughs,41
2018-09-15,McCluer,0,McCluer North,41
2018-09-15,Priory,8,MICDS,42
2018-09-15,Clayton,30,Normandy Collaborative,26
2018-09-15,Hogan Prep Academy Charter,50,Southeast,33
2018-09-15,Miller Career Academy,34,Vashon,6
2018-09-17,Hazelwood West,12,Hazelwood Central,15
2018-09-20,Wright City,46,Clopton with Elsberry,50
2018-09-21,Liberal with Bronaugh,0,Archie,14
2018-09-21,Mt. Vernon,28,Aurora,0
2018-09-21,Jackson,60,Battle,33
2018-09-21,Affton,37,Bayless,6
2018-09-21,North Kansas City,63,Belton,42
2018-09-21,Savannah,47,Benton,10
2018-09-21,Veritas Christian Academy,25,Bishop DuBourg with Hancock,0
2018-09-21,Blue Springs South,14,Blue Springs,38
2018-09-21,Center,37,Bolivar,13
2018-09-21,South Callaway,50,Bowling Green,6
2018-09-21,Joplin,35,Branson,6
2018-09-21,Lift for Life Academy Charter,28,Brentwood,18
2018-09-21,Centralia,18,Brookfield,6
2018-09-21,Warsaw,12,Buffalo,51
2018-09-21,El Dorado Springs,32,Butler,0
2018-09-21,Mountain Grove,28,Cabool,6
2018-09-21,Maryville,72,Cameron,12
2018-09-21,Knob Noster,42,Carrollton,0
2018-09-21,Portageville,19,Caruthersville,57
2018-09-21,Sikeston,21,Central (Cape Girardeau),0
2018-09-21,Ste. Genevieve,7,Central (Park Hills),28
2018-09-21,Waynesville,57,Central (Springfield),0
2018-09-21,Jefferson City,42,Chaminade College Prep,49
2018-09-21,Kelly,7,Charleston,54
2018-09-21,SLUH,14,Christian Brothers College,59
2018-09-21,South Shelby,6,Clark County,54
2018-09-21,Ladue Horton Watkins,63,Clayton,7
2018-09-21,Mexico,28,Clinton,12
2018-09-21,Wright City,46,Clopton with Elsberry,52
2018-09-21,Santa Fe,40,Concordia,63
2018-09-21,Jefferson (Festus),63,Crystal City,0
2018-09-21,St. James,46,Cuba,12
2018-09-21,Vianney,17,De Smet Jesuit,14
2018-09-21,Festus,28,DeSoto with Kingston,18
2018-09-21,Doniphan,6,Dexter,42
2018-09-21,Marionville,40,Diamond,0
2018-09-21,Midway,38,Drexel with Miami (Amoret),6
2018-09-21,Cassville,47,East Newton,0
2018-09-21,Blair Oaks,49,Eldon,6
2018-09-21,Harrisonville,26,Excelsior Springs,57
2018-09-21,Cardinal Ritter,49,Father Tolton,14
2018-09-21,Pierce City,53,Forsyth,0
2018-09-21,Oakville,0,Fox,28
2018-09-21,Timberland,22,Ft. Zumwalt East,36
2018-09-21,Ft. Zumwalt North,49,Ft. Zumwalt South,14
2018-09-21,Francis Howell North,0,Ft. Zumwalt West,49
2018-09-21,Parkview,48,Glendale,47
2018-09-21,Kearney,34,Grandview,6
2018-09-21,Southern Boone,34,Hallsville,8
2018-09-21,Kirksville,14,Hannibal,58
2018-09-21,Knox County,50,Harrisburg,0
2018-09-21,Central (New Madrid County),14,Hayti,68
2018-09-21,St. Francis Borgia,41,Helias Catholic,13
2018-09-21,Camdenton,55,Hillcrest,16
2018-09-21,Francis Howell Central,20,Holt,35
2018-09-21,Thayer,6,Houston,7
2018-09-21,Appleton City with Montrose,0,Jasper,35
2018-09-21,Bishop LeBlond,21,Lafayette (St. Joseph),51
2018-09-21,Northwest (Cedar Hill),0,Lafayette (Wildwood),36
2018-09-21,Richmond,16,Lafayette County,47
2018-09-21,West Platte,7,Lathrop,68
2018-09-21,North Platte,0,Lawson,49
2018-09-21,Park Hill South,14,Lee's Summit,28
2018-09-21,Staley,17,Lee's Summit West,21
2018-09-21,Holden,28,Lexington,22
2018-09-21,Lee's Summit North,35,Liberty,39
2018-09-21,Washington,7,Liberty (Wentzville),20
2018-09-21,Central (St. Joseph),0,Liberty North,37
2018-09-21,Pembroke Hill,28,Lincoln College Prep,6
2018-09-21,Marquette,17,Lindbergh,14
2018-09-21,Pleasant Hope,14,Lockwood with Golden City,56
2018-09-21,Monett,43,Logan-Rogersville,28
2018-09-21,Lutheran North,49,Lutheran South,0
2018-09-21,Moberly,41,Macon,19
2018-09-21,East Prairie,32,Malden,42
2018-09-21,Montgomery County,34,Mark Twain,16
2018-09-21,Fulton,6,Marshall,41
2018-09-21,Hollister,26,Marshfield,31
2018-09-21,South Harrison,32,Maysville with Winston,14
2018-09-21,Nevada,20,McDonald County,42
2018-09-21,Seckman,7,Mehlville,49
2018-09-21,Penney,29,Mid-Buchanan,27
2018-09-21,Ash Grove,21,Miller with Everton,62
2018-09-21,Principia,31,Missouri Military Academy,6
2018-09-21,Neosho with Neosho Christian,21,Nixa,6
2018-09-21,Van-Far with Community,12,North Callaway,48
2018-09-21,Kennett,40,North County,30
2018-09-21,Van Horn,70,Northeast (Kansas City),6
2018-09-21,Fort Osage,21,Oak Park,14
2018-09-21,Oak Grove,0,Odessa,49
2018-09-21,Boonville,41,Osage,7
2018-09-21,Hermann,29,Owensville,34
2018-09-21,Carl Junction,10,Ozark,17
2018-09-21,Highland,0,Palmyra,36
2018-09-21,Raymore-Peculiar,14,Park Hill,34
2018-09-21,Parkway North,19,Parkway Central,16
2018-09-21,Eureka,48,Parkway South,0
2018-09-21,Rockwood Summit,17,Parkway West,14
2018-09-21,Kirkwood,32,Pattonville,42
2018-09-21,St. Vincent,12,Perryville,7
2018-09-21,Raytown South,22,Platte County,57
2018-09-21,East Buchanan,70,Plattsburg,54
2018-09-21,Gallatin,48,Polo,6
2018-09-21,Farmington,24,Poplar Bluff,7
2018-09-21,Fredericktown,14,Potosi,21
2018-09-21,Trenton,21,Princeton with Mercer,28
2018-09-21,Milan,43,Putnam County,14
2018-09-21,Springfield Catholic,17,Reeds Spring,14
2018-09-21,Adrian,58,Rich Hill with Hume,12
2018-09-21,Hickman,0,Rock Bridge,31
2018-09-21,Kickapoo,31,Rolla,41
2018-09-21,Raytown,56,Ruskin,6
2018-09-21,Ava,39,Salem,0
2018-09-21,Scotland County,47,Salisbury,20
2018-09-21,Greenfield,20,Sarcoxie,42
2018-09-21,Louisiana,18,Schuyler County,34
2018-09-21,Chaffee,0,Scott City,32
2018-09-21,Lamar,49,Seneca,27
2018-09-21,Cole Camp,42,Sherwood,0
2018-09-21,Smithville,34,Smith-Cotton,9
2018-09-21,Lutheran St. Charles,47,St. Charles,14
2018-09-21,St. Mary's South Side,34,St. Dominic,24
2018-09-21,Lone Jack with Kingsville,21,St. Paul Lutheran (Concordia),6
2018-09-21,Herculaneum,0,St. Pius X (Festus),35
2018-09-21,Chillicothe,14,St. Pius X (Kansas City),25
2018-09-21,Fair Grove,42,Stockton,0
2018-09-21,Windsor,6,Strafford,45
2018-09-21,Pacific,27,Sullivan,51
2018-09-21,Skyline,30,Summit Christian Academy,28
2018-09-21,Lincoln,40,Sweet Springs with Malta Bend,8
2018-09-21,Slater,14,Tipton,38
2018-09-21,Duchesne,0,Trinity Catholic,71
2018-09-21,Francis Howell,56,Troy Buchanan,21
2018-09-21,St. Clair,14,Union,36
2018-09-21,Grandview (Hillsboro),6,Valle Catholic,56
2018-09-21,California,0,Versailles,38
2018-09-21,Pleasant Hill,42,Warrensburg,33
2018-09-21,St. Charles West,37,Warrenton,7
2018-09-21,Carthage,12,Webb City,21
2018-09-21,Crest Ridge,14,Wellington-Napoleon,22
2018-09-21,Lebanon,13,West Plains,48
2018-09-21,Fayette,16,Westran,21
2018-09-21,Republic,27,Willard,20
2018-09-21,Truman,20,William Chrisman,52
2018-09-21,Liberty (Mountain View),28,Willow Springs,12
2018-09-21,Orchard Farm,42,Winfield,44
2018-09-21,Grain Valley,28,Winnetonka,6
2018-09-22,East (Kansas City),58,Central (Kansas City),8
2018-09-22,Hazelwood East,20,Hazelwood Central,27
2018-09-22,McCluer,0,Hazelwood West,15
2018-09-22,MICDS,42,John Burroughs,0
2018-09-22,Normandy Collaborative,6,McCluer South-Berkeley,22
2018-09-22,Webster Groves,13,Ritenour,36
2018-09-22,McCluer North,12,Riverview Gardens,6
2018-09-22,Miller Career Academy,39,Soldan International Studies,6
2018-09-22,Carnahan,39,Sumner,40
2018-09-22,Jennings,44,University City,8
2018-09-22,Gateway,36,Vashon,0
2018-09-22,Priory,14,Westminster Christian Academy,21
2018-09-27,Parkway North,14,Ladue Horton Watkins,47
2018-09-28,Normandy Collaborative,0,Affton,17
2018-09-28,Rich Hill with Hume,18,Appleton City with Montrose,20
2018-09-28,Adrian,7,Archie,0
2018-09-28,Lockwood with Golden City,41,Ash Grove,12
2018-09-28,Houston,0,Ava,29
2018-09-28,St. Pius X (Kansas City),51,Bishop LeBlond,26
2018-09-28,Hallsville,21,Blair Oaks,69
2018-09-28,William Chrisman,7,Blue Springs South,30
2018-09-28,Eldon,46,California,35
2018-09-28,Lebanon,28,Camdenton,34
2018-09-28,St. Mary's South Side,19,Cardinal Ritter,41
2018-09-28,Nixa,7,Carl Junction,21
2018-09-28,Branson,7,Carthage,42
2018-09-28,Dexter,12,Caruthersville,30
2018-09-28,McDonald County,6,Cassville,37
2018-09-28,Clinton,7,Center,42
2018-09-28,Kennett,43,Central (New Madrid County),34
2018-09-28,Potosi,7,Central (Park Hills),6
2018-09-28,Hillcrest,61,Central (Springfield),0
2018-09-28,Lee's Summit,15,Central (St. Joseph),6
2018-09-28,East Prairie,44,Chaffee,0
2018-09-28,De Smet Jesuit,34,Chaminade College Prep,16
2018-09-28,Buffalo,34,Cole Camp,14
2018-09-28,Wellington-Napoleon,44,Concordia,12
2018-09-28,Bayless,35,Confluence Prep Academy Charter,15
2018-09-28,St. Paul Lutheran (Concordia),14,Crest Ridge,21
2018-09-28,St. Pius X (Festus),58,Cuba,22
2018-09-28,Liberal with Bronaugh,6,Diamond,20
2018-09-28,Kelly,28,Doniphan,0
2018-09-28,Bishop DuBourg with Hancock,36,Duchesne,22
2018-09-28,Lincoln College Prep,34,East (Kansas City),16
2018-09-28,Mid-Buchanan,28,East Buchanan,34
2018-09-28,Lindbergh,3,Eureka,27
2018-09-28,Odessa,34,Excelsior Springs,16
2018-09-28,Strafford,14,Fair Grove,17
2018-09-28,Park Hill,23,Fort Osage,7
2018-09-28,Ft. Zumwalt West,14,Francis Howell,34
2018-09-28,Francis Howell North,6,Francis Howell Central,34
2018-09-28,DeSoto with Kingston,51,Fredericktown,41
2018-09-28,Ft. Zumwalt South,22,Ft. Zumwalt East,29
2018-09-28,Hannibal,47,Fulton,0
2018-09-28,South Harrison,22,Gallatin,23
2018-09-28,Kickapoo,7,Glendale,38
2018-09-28,Raytown,44,Grain Valley,29
2018-09-28,Oak Park,6,Grandview,21
2018-09-28,Herculaneum,26,Grandview (Hillsboro),20
2018-09-28,Pleasant Hope,24,Greenfield,62
2018-09-28,Warrensburg,49,Harrisonville,0
2018-09-28,Malden,0,Hayti,70
2018-09-28,Sullivan,10,Hermann,7
2018-09-28,Battle,37,Hickman,20
2018-09-28,Brookfield,54,Highland,21
2018-09-28,North County,34,Hillsboro,12
2018-09-28,Lafayette County,31,Holden,27
2018-09-28,Reeds Spring,47,Hollister,27
2018-09-28,Troy Buchanan,61,Holt,35
2018-09-28,Farmington,0,Jackson,49
2018-09-28,Valle Catholic,20,Jefferson (Festus),0
2018-09-28,Rock Bridge,42,Jefferson City,21
2018-09-28,Veritas Christian Academy,12,Jennings,34
2018-09-28,Belton,21,Kearney,56
2018-09-28,Palmyra,32,Kirksville,28
2018-09-28,Ritenour,21,Kirkwood,58
2018-09-28,Lexington,52,Knob Noster,36
2018-09-28,Salisbury,22,Knox County,52
2018-09-28,Chillicothe,6,Lafayette (St. Joseph),56
2018-09-28,Parkway South,8,Lafayette (Wildwood),19
2018-09-28,East Newton,0,Lamar,65
2018-09-28,Lawson,7,Lathrop,21
2018-09-28,Lee's Summit West,14,Lee's Summit North,35
2018-09-28,Mountain Grove,6,Liberty (Mountain View),28
2018-09-28,Timberland,36,Liberty (Wentzville),0
2018-09-28,Tipton,12,Lincoln,42
2018-09-28,Westminster Christian Academy,30,Lutheran South,22
2018-09-28,Trinity Catholic,75,Lutheran St. Charles,15
2018-09-28,Clark County,22,Macon,18
2018-09-28,Schuyler County,16,Marceline,55
2018-09-28,Pierce City,26,Marionville,0
2018-09-28,Fox,21,Marquette,17
2018-09-28,Nevada,0,Marshfield,28
2018-09-28,Benton,8,Maryville,58
2018-09-28,Polo,18,Maysville with Winston,24
2018-09-28,Centralia,14,Mexico,35
2018-09-28,Jasper,14,Midway,35
2018-09-28,Sarcoxie,14,Miller with Everton,27
2018-09-28,Marshall,13,Moberly,37
2018-09-28,Seneca,49,Monett,28
2018-09-28,Logan-Rogersville,0,Mt. Vernon,30
2018-09-28,Joplin,20,Neosho with Neosho Christian,6
2018-09-28,Bowling Green,6,North Callaway,42
2018-09-28,Truman,0,North Kansas City,40
2018-09-28,Mehlville,42,Northwest (Cedar Hill),14
2018-09-28,Pleasant Hill,50,Oak Grove,14
2018-09-28,Seckman,49,Oakville,22
2018-09-28,Southern Boone,40,Osage,7
2018-09-28,Owensville,21,Pacific,28
2018-09-28,Liberty,26,Park Hill South,6
2018-09-28,West Plains,49,Parkview,14
2018-09-28,Clayton,10,Parkway West,24
2018-09-28,Forsyth,0,Pembroke Hill,49
2018-09-28,Ste. Genevieve,27,Perryville,7
2018-09-28,Penney,42,Plattsburg,6
2018-09-28,Central (Cape Girardeau),6,Poplar Bluff,19
2018-09-28,Scott City,42,Portageville,19
2018-09-28,Putnam County,15,Princeton with Mercer,42
2018-09-28,Blue Springs,35,Raymore-Peculiar,21
2018-09-28,Ozark,6,Republic,27
2018-09-28,Carrollton,22,Richmond,16
2018-09-28,Pattonville,48,Rockwood Summit,14
2018-09-28,Raytown South,19,Ruskin,24
2018-09-28,Sweet Springs with Malta Bend,28,Santa Fe,20
2018-09-28,Cameron,20,Savannah,77
2018-09-28,Westran,21,Scotland County,38
2018-09-28,Charleston,20,Sikeston,7
2018-09-28,Lone Jack with Kingsville,43,Slater,36
2018-09-28,Vianney,34,SLUH,18
2018-09-28,Platte County,28,Smithville,27
2018-09-28,Clopton with Elsberry,20,South Callaway,42
2018-09-28,Monroe City,42,South Shelby,22
2018-09-28,Central (Kansas City),6,Southeast,58
2018-09-28,Aurora,7,Springfield Catholic,42
2018-09-28,Winfield,34,St. Charles,35
2018-09-28,Orchard Farm,20,St. Charles West,56
2018-09-28,St. Dominic,0,St. Francis Borgia,30
2018-09-28,St. Clair,42,St. James,0
2018-09-28,Crystal City,12,St. Vincent,49
2018-09-28,Liberty North,10,Staley,22
2018-09-28,El Dorado Springs,49,Stockton,0
2018-09-28,Soldan International Studies,26,Sumner,22
2018-09-28,Cabool,7,Thayer,34
2018-09-28,Milan,43,Trenton,22
2018-09-28,Bolivar,13,Union,21
2018-09-28,Winnetonka,20,Van Horn,47
2018-09-28,Mark Twain,21,Van-Far with Community,28
2018-09-28,Lift for Life Academy Charter,48,Vashon,0
2018-09-28,Boonville,42,Versailles,14
2018-09-28,Butler,14,Warsaw,54
2018-09-28,Ft. Zumwalt North,44,Washington,6
2018-09-28,Rolla,34,Waynesville,28
2018-09-28,Parkway Central,36,Webster Groves,2
2018-09-28,North Platte,18,West Platte,14
2018-09-28,Webb City,41,Willard,0
2018-09-28,Salem,38,Willow Springs,7
2018-09-28,Sherwood,8,Windsor,63
2018-09-28,Montgomery County,28,Wright City,8
2018-09-29,Miller Career Academy,42,Carnahan,0
2018-09-29,McCluer North,15,Hazelwood East,44
2018-09-29,Riverview Gardens,14,Hazelwood West,47
2018-09-29,Father Tolton,28,Helias Catholic,57
2018-09-29,Warrenton,27,Hogan Prep Academy Charter,26
2018-09-29,Hazelwood Central,40,McCluer,0
2018-09-29,University City,0,McCluer South-Berkeley,46
2018-09-29,Lutheran North,21,MICDS,20
2018-09-29,Harrisburg,26,Missouri Military Academy,24
2018-09-29,Brentwood,25,Principia,14
2018-09-29,John Burroughs,7,Priory,23
2018-09-29,Summit Christian Academy,49,University Academy Charter,0
2018-10-05,Midway,24,Adrian,0
2018-10-05,Hollister,16,Aurora,13
2018-10-05,Oak Park,16,Belton,42
2018-10-05,Lutheran St. Charles,54,Bishop DuBourg with Hancock,6
2018-10-05,Liberty North,26,Blue Springs,28
2018-10-05,Clinton,0,Bolivar,60
2018-10-05,Eldon,21,Boonville,34
2018-10-05,Wright City,19,Bowling Green,54
2018-10-05,Nixa,18,Branson,14
2018-10-05,Macon,25,Brookfield,14
2018-10-05,Fair Grove,46,Butler,6
2018-10-05,Glendale,34,Camdenton,68
2018-10-05,Lafayette (St. Joseph),48,Cameron,6
2018-10-05,Lexington,52,Carrollton,0
2018-10-05,Willard,24,Carthage,50
2018-10-05,St. Charles West,41,Central (Cape Girardeau),27
2018-10-05,Kickapoo,49,Central (Springfield),6
2018-10-05,South Shelby,14,Centralia,41
2018-10-05,SLUH,13,Chaminade College Prep,30
2018-10-05,Malden,38,Charleston,58
2018-10-05,Savannah,57,Chillicothe,13
2018-10-05,Palmyra,8,Clark County,30
2018-10-05,Tipton,18,Cole Camp,28
2018-10-05,Hillsboro,8,DeSoto with Kingston,14
2018-10-05,Kennett,44,Dexter,0
2018-10-05,Chaffee,33,Doniphan,20
2018-10-05,Monett,35,East Newton,6
2018-10-05,Portageville,52,East Prairie,28
2018-10-05,Sikeston,6,Farmington,24
2018-10-05,Stockton,28,Forsyth,6
2018-10-05,Francis Howell,50,Francis Howell North,7
2018-10-05,Ft. Zumwalt East,12,Ft. Zumwalt North,30
2018-10-05,Liberty (Wentzville),20,Ft. Zumwalt South,23
2018-10-05,Sumner,18,Gateway,34
2018-10-05,Jefferson (Festus),48,Grandview (Hillsboro),7
2018-10-05,Ash Grove,7,Greenfield,39
2018-10-05,California,0,Hallsville,49
2018-10-05,Moberly,21,Hannibal,41
2018-10-05,Fayette,54,Harrisburg,12
2018-10-05,Monroe City,34,Helias Catholic,28
2018-10-05,Crystal City,0,Herculaneum,30
2018-10-05,Parkview,56,Hillcrest,28
2018-10-05,Willow Springs,7,Houston,48
2018-10-05,Poplar Bluff,20,Jackson,63
2018-10-05,De Smet Jesuit,42,Jefferson City,7
2018-10-05,Ozark,9,Joplin,49
2018-10-05,Grain Valley,7,Kearney,31
2018-10-05,Eureka,42,Kirkwood,28
2018-10-05,Knob Noster,20,Lafayette County,56
2018-10-05,East Buchanan,22,Lawson,72
2018-10-05,Rolla,8,Lebanon,43
2018-10-05,Lee's Summit North,42,Lee's Summit,0
2018-10-05,Liberty,47,Lee's Summit West,52
2018-10-05,Appleton City with Montrose,14,Liberal with Bronaugh,46
2018-10-05,Cabool,26,Liberty (Mountain View),28
2018-10-05,Webster Groves,3,Lindbergh,46
2018-10-05,Miller with Everton,27,Lockwood with Golden City,8
2018-10-05,Springfield Catholic,31,Logan-Rogersville,0
2018-10-05,Concordia,28,Lone Jack with Kingsville,21
2018-10-05,John Burroughs,0,Lutheran North,65
2018-10-05,Sarcoxie,29,Marionville,22
2018-10-05,Clopton with Elsberry,26,Mark Twain,41
2018-10-05,Hogan Prep Academy Charter,57,Marshall,19
2018-10-05,Bishop LeBlond,8,Maryville,82
2018-10-05,Lamar,45,McDonald County,13
2018-10-05,Riverview Gardens,8,Mehlville,44
2018-10-05,Kirksville,37,Mexico,7
2018-10-05,Plattsburg,7,Mid-Buchanan,47
2018-10-05,Gallatin,7,Milan,16
2018-10-05,Cuba,53,Missouri Military Academy,0
2018-10-05,North Callaway,34,Montgomery County,40
2018-10-05,Salem,13,Mountain Grove,14
2018-10-05,Seneca,14,Mt. Vernon,37
2018-10-05,Carl Junction,12,Neosho with Neosho Christian,35
2018-10-05,Cassville,50,Nevada,8
2018-10-05,Hickman,20,North Kansas City,34
2018-10-05,Lathrop,76,North Platte,6
2018-10-05,East (Kansas City),42,Northeast (Kansas City),12
2018-10-05,Excelsior Springs,47,Oak Grove,17
2018-10-05,Warrensburg,21,Odessa,56
2018-10-05,St. Charles,21,Orchard Farm,49
2018-10-05,Versailles,29,Osage,13
2018-10-05,Union,42,Owensville,14
2018-10-05,Festus,32,Pacific,14
2018-10-05,Blue Springs South,0,Park Hill,35
2018-10-05,Lafayette (Wildwood),30,Parkway North,36
2018-10-05,Marquette,10,Pattonville,27
2018-10-05,West Platte,13,Penney,50
2018-10-05,Central (Park Hills),42,Perryville,7
2018-10-05,Raymore-Peculiar,35,Platte County,36
2018-10-05,Harrisonville,0,Pleasant Hill,48
2018-10-05,Diamond,46,Pleasant Hope,6
2018-10-05,Central (New Madrid County),18,Potosi,24
2018-10-05,Maysville with Winston,0,Princeton with Mercer,16
2018-10-05,Lift for Life Academy Charter,52,Principia,0
2018-10-05,Polo,6,Putnam County,20
2018-10-05,Fort Osage,35,Raytown,42
2018-10-05,Grandview,26,Raytown South,7
2018-10-05,Marshfield,31,Reeds Spring,21
2018-10-05,Archie,35,Rich Hill with Hume,12
2018-10-05,Holden,33,Richmond,26
2018-10-05,Hazelwood Central,42,Ritenour,32
2018-10-05,Battle,0,Rockhurst,28
2018-10-05,Parkway South,10,Rockwood Summit,42
2018-10-05,Marceline,41,Salisbury,0
2018-10-05,Lincoln,49,Santa Fe,0
2018-10-05,Knox County,0,Scotland County,35
2018-10-05,Hayti,38,Scott City,0
2018-10-05,McCluer,16,Seckman,53
2018-10-05,Buffalo,48,Sherwood,20
2018-10-05,Strafford,38,Skyline,14
2018-10-05,Rock Bridge,49,Smith-Cotton,0
2018-10-05,Winnetonka,13,Smithville,48
2018-10-05,Van-Far with Community,0,South Callaway,69
2018-10-05,Trenton,20,South Harrison,38
2018-10-05,Fulton,13,Southeast,20
2018-10-05,Blair Oaks,56,Southern Boone,17
2018-10-05,Hermann,6,St. Clair,36
2018-10-05,Cardinal Ritter,40,St. Francis Borgia,35
2018-10-05,Sullivan,22,St. James,36
2018-10-05,Father Tolton,42,St. Mary's South Side,44
2018-10-05,St. Vincent,27,St. Pius X (Festus),32
2018-10-05,Benton,21,St. Pius X (Kansas City),41
2018-10-05,Central (St. Joseph),0,Staley,48
2018-10-05,Fredericktown,17,Ste. Genevieve,54
2018-10-05,Van Horn,12,Summit Christian Academy,38
2018-10-05,Crest Ridge,27,Sweet Springs with Malta Bend,6
2018-10-05,Ava,33,Thayer,0
2018-10-05,Washington,7,Timberland,41
2018-10-05,Miller Career Academy,6,Trinity Catholic,61
2018-10-05,Park Hill South,46,Truman,13
2018-10-05,Bayless,12,Valle Catholic,57
2018-10-05,Duchesne,3,Veritas Christian Academy,46
2018-10-05,Christian Brothers College,70,Vianney,28
2018-10-05,Winfield,43,Warrenton,42
2018-10-05,El Dorado Springs,26,Warsaw,14
2018-10-05,Republic,12,Webb City,51
2018-10-05,St. Paul Lutheran (Concordia),8,Wellington-Napoleon,41
2018-10-05,Waynesville,13,West Plains,44
2018-10-05,Schuyler County,0,Westran,40
2018-10-05,Ruskin,6,William Chrisman,52
2018-10-05,University Academy Charter,14,Windsor,41
2018-10-06,Soldan International Studies,42,Carnahan,14
2018-10-06,Pembroke Hill,43,Central (Kansas City),0
2018-10-06,Parkway Central,27,Clayton,0
2018-10-06,Holt,7,Ft. Zumwalt West,35
2018-10-06,Sumner,18,Gateway,34
2018-10-06,Fox,20,Hazelwood East,24
2018-10-06,Northwest (Cedar Hill),36,Hazelwood West,34
2018-10-06,Parkway West,7,Ladue Horton Watkins,42
2018-10-06,University City,7,Lincoln College Prep,14
2018-10-06,Oakville,27,McCluer North,60
2018-10-06,Affton,20,McCluer South-Berkeley,44
2018-10-06,Jennings,43,Normandy Collaborative,14
2018-10-06,Lutheran South,21,Priory,28
2018-10-06,Francis Howell Central,6,Troy Buchanan,46
2018-10-06,MICDS,24,Westminster Christian Academy,21
2018-10-12,Marionville,41,Ash Grove,0
2018-10-12,Jefferson City,17,Battle,14
2018-10-12,Cameron,7,Benton,28
2018-10-12,Osage,7,Blair Oaks,59
2018-10-12,Park Hill South,3,Blue Springs South,33
2018-10-12,Cole Camp,7,Butler,14
2018-10-12,Ava,58,Cabool,12
2018-10-12,Branson,7,Carl Junction,28
2018-10-12,Gateway,26,Carnahan,16
2018-10-12,De Smet Jesuit,63,Central (Cape Girardeau),0
2018-10-12,East Prairie,20,Charleston,49
2018-10-12,Bishop LeBlond,33,Chillicothe,40
2018-10-12,Rockhurst,7,Christian Brothers College,45
2018-10-12,Smith-Cotton,47,Clinton,7
2018-10-12,Concordia,21,Crest Ridge,49
2018-10-12,St. Pius X (Festus),46,Crystal City,8
2018-10-12,Central (Park Hills),7,Dexter,13
2018-10-12,Archie,32,Drexel with Miami (Amoret),0
2018-10-12,Winfield,36,Duchesne,0
2018-10-12,North Platte,8,East Buchanan,32
2018-10-12,Skyline,24,El Dorado Springs,28
2018-10-12,Versailles,41,Eldon,24
2018-10-12,Buffalo,29,Fair Grove,22
2018-10-12,Lutheran North,56,Farmington,27
2018-10-12,Warsaw,8,Father Tolton,47
2018-10-12,Salisbury,15,Fayette,32
2018-10-12,St. Francis Borgia,50,Festus,7
2018-10-12,Strafford,71,Forsyth,6
2018-10-12,William Chrisman,14,Fort Osage,29
2018-10-12,Seckman,0,Fox,49
2018-10-12,Holt,28,Francis Howell,67
2018-10-12,Troy Buchanan,57,Francis Howell North,14
2018-10-12,Doniphan,8,Fredericktown,48
2018-10-12,Liberty (Wentzville),31,Ft. Zumwalt East,40
2018-10-12,Timberland,34,Ft. Zumwalt North,32
2018-10-12,Washington,21,Ft. Zumwalt South,35
2018-10-12,Francis Howell Central,14,Ft. Zumwalt West,36
2018-10-12,Mexico,49,Fulton,14
2018-10-12,Princeton with Mercer,7,Gallatin,17
2018-10-12,Ruskin,14,Grain Valley,51
2018-10-12,Smithville,27,Grandview,6
2018-10-12,Lockwood with Golden City,29,Greenfield,24
2018-10-12,Boonville,31,Hallsville,12
2018-10-12,Oak Grove,29,Harrisonville,41
2018-10-12,Caruthersville,6,Hayti,32
2018-10-12,Pacific,14,Hermann,40
2018-10-12,Truman,0,Hickman,21
2018-10-12,Knox County,0,Highland,21
2018-10-12,Carrollton,7,Holden,20
2018-10-12,Logan-Rogersville,14,Hollister,20
2018-10-12,Hillsboro,0,Jackson,56
2018-10-12,Adrian,40,Jasper,14
2018-10-12,Chaffee,6,Jefferson (Festus),56
2018-10-12,Affton,10,Jennings,50
2018-10-12,Malden,0,Kennett,49
2018-10-12,Hillcrest,30,Kickapoo,14
2018-10-12,Richmond,28,Knob Noster,40
2018-10-12,Lindbergh,30,Lafayette (Wildwood),0
2018-10-12,Nevada,6,Lamar,43
2018-10-12,Blue Springs,6,Lee's Summit West,7
2018-10-12,Lafayette County,0,Lexington,42
2018-10-12,Central (St. Joseph),7,Liberty,43
2018-10-12,Lee's Summit,34,Liberty North,30
2018-10-12,Wellington-Napoleon,8,Lincoln,10
2018-10-12,Central (Kansas City),6,Lincoln College Prep,55
2018-10-12,Sweet Springs with Malta Bend,28,Lone Jack with Kingsville,0
2018-10-12,St. Clair,42,Lutheran St. Charles,34
2018-10-12,Westran,12,Marceline,14
2018-10-12,Eureka,12,Marquette,13
2018-10-12,Hannibal,42,Marshall,0
2018-10-12,Aurora,18,Marshfield,41
2018-10-12,Putnam County,6,Maysville with Winston,44
2018-10-12,West Platte,8,Mid-Buchanan,46
2018-10-12,Appleton City with Montrose,0,Midway,28
2018-10-12,South Harrison,0,Milan,6
2018-10-12,Kirksville,34,Moberly,32
2018-10-12,McDonald County,12,Monett,18
2018-10-12,Clark County,20,Monroe City,44
2018-10-12,Houston,6,Mountain Grove,13
2018-10-12,Joplin,42,Nixa,7
2018-10-12,Mark Twain,24,North Callaway,22
2018-10-12,Potosi,7,North County,22
2018-10-12,Hogan Prep Academy Charter,48,Northeast (Kansas City),0
2018-10-12,Oakville,14,Northwest (Cedar Hill),27
2018-10-12,North Kansas City,54,Oak Park,14
2018-10-12,Webb City,42,Ozark,0
2018-10-12,Macon,12,Palmyra,7
2018-10-12,Staley,17,Park Hill,14
2018-10-12,Lebanon,70,Parkview,50
2018-10-12,Parkway West,39,Parkway Central,30
2018-10-12,Mehlville,23,Parkway South,13
2018-10-12,Ladue Horton Watkins,35,Pattonville,7
2018-10-12,Summit Christian Academy,10,Pembroke Hill,12
2018-10-12,Lawson,20,Penney,0
2018-10-12,Miller with Everton,12,Pierce City,44
2018-10-12,Lathrop,39,Plattsburg,0
2018-10-12,Odessa,48,Pleasant Hill,38
2018-10-12,Stockton,30,Pleasant Hope,0
2018-10-12,Trenton,32,Polo,28
2018-10-12,Chaminade College Prep,34,Poplar Bluff,13
2018-10-12,Lee's Summit North,42,Raymore-Peculiar,21
2018-10-12,Belton,14,Raytown,47
2018-10-12,Kearney,35,Raytown South,0
2018-10-12,Cassville,35,Reeds Spring,0
2018-10-12,Carthage,42,Republic,26
2018-10-12,Liberal with Bronaugh,30,Rich Hill with Hume,0
2018-10-12,Helias Catholic,28,Rock Bridge,52
2018-10-12,Ritenour,39,Rockwood Summit,35
2018-10-12,Camdenton,56,Rolla,13
2018-10-12,Liberty (Mountain View),54,Salem,7
2018-10-12,Diamond,0,Sarcoxie,27
2018-10-12,Maryville,41,Savannah,7
2018-10-12,Harrisburg,12,Scotland County,48
2018-10-12,Kelly,13,Scott City,20
2018-10-12,East Newton,8,Seneca,55
2018-10-12,Central (New Madrid County),8,Sikeston,20
2018-10-12,Windsor,27,Slater,6
2018-10-12,Trinity Catholic,48,SLUH,0
2018-10-12,Brookfield,18,South Shelby,26
2018-10-12,East (Kansas City),14,Southeast,20
2018-10-12,California,16,Southern Boone,55
2018-10-12,Mt. Vernon,36,Springfield Catholic,30
2018-10-12,St. Charles,18,St. Charles West,47
2018-10-12,Missouri Military Academy,0,St. Paul Lutheran (Concordia),17
2018-10-12,Lafayette (St. Joseph),28,St. Pius X (Kansas City),0
2018-10-12,Grandview (Hillsboro),0,St. Vincent,42
2018-10-12,DeSoto with Kingston,0,Ste. Genevieve,14
2018-10-12,Owensville,13,Sullivan,47
2018-10-12,Santa Fe,0,Tipton,36
2018-10-12,St. James,3,Union,41
2018-10-12,Herculaneum,0,Valle Catholic,47
2018-10-12,University Academy Charter,12,Van Horn,48
2018-10-12,Montgomery County,60,Van-Far with Community,20
2018-10-12,Westminster Christian Academy,57,Veritas Christian Academy,14
2018-10-12,St. Mary's South Side,31,Vianney,77
2018-10-12,Excelsior Springs,28,Warrensburg,7
2018-10-12,Orchard Farm,59,Warrenton,47
2018-10-12,Glendale,14,Waynesville,53
2018-10-12,Central (Springfield),8,West Plains,70
2018-10-12,Neosho with Neosho Christian,21,Willard,14
2018-10-12,Thayer,40,Willow Springs,0
2018-10-12,Platte County,45,Winnetonka,20
2018-10-12,South Callaway,41,Wright City,21
2018-10-13,Bishop DuBourg with Hancock,28,Bayless,25
2018-10-13,Rockhurst,7,Christian Brothers College,45
2018-10-13,Bowling Green,41,Clopton with Elsberry,6
2018-10-13,Brentwood,53,Confluence Prep Academy Charter,0
2018-10-13,Hazelwood East,48,McCluer,6
2018-10-13,Hazelwood West,38,McCluer North,32
2018-10-13,Cardinal Ritter,46,McCluer South-Berkeley,6
2018-10-13,St. Dominic,15,MICDS,30
2018-10-13,Clayton,7,Parkway North,42
2018-10-13,Perryville,14,Portageville,28
2018-10-13,Louisiana,6,Priory,52
2018-10-13,Hazelwood Central,44,Riverview Gardens,0
2018-10-13,Lift for Life Academy Charter,30,Soldan International Studies,26
2018-10-13,Vashon,24,Sumner,20
2018-10-13,Normandy Collaborative,38,University City,22
2018-10-18,Seckman,15,Eureka,55
2018-10-18,Troy Buchanan,39,Festus,38
2018-10-18,Mehlville,45,Oakville,6
2018-10-19,El Dorado Springs,16,Adrian,24
2018-10-19,Sherwood,20,Appleton City with Montrose,60
2018-10-19,Jasper,20,Archie,28
2018-10-19,Reeds Spring,27,Aurora,17
2018-10-19,Willow Springs,6,Ava,32
2018-10-19,Chillicothe,34,Benton,19
2018-10-19,Cameron,37,Bishop LeBlond,35
2018-10-19,Park Hill,23,Blue Springs,36
2018-10-19,Central (Cape Girardeau),21,Bolivar,41
2018-10-19,Southern Boone,43,Boonville,27
2018-10-19,Van-Far with Community,30,Bowling Green,52
2018-10-19,Willard,27,Branson,7
2018-10-19,Ste. Genevieve,49,Brentwood,20
2018-10-19,Forsyth,7,Buffalo,54
2018-10-19,Blair Oaks,65,California,7
2018-10-19,Lafayette County,48,Carrollton,13
2018-10-19,Ozark,6,Carthage,56
2018-10-19,Lamar,21,Cassville,24
2018-10-19,Caruthersville,34,Central (New Madrid County),8
2018-10-19,Farmington,30,Central (Park Hills),14
2018-10-19,Winnetonka,35,Central (St. Joseph),39
2018-10-19,Brookfield,6,Clark County,32
2018-10-19,Affton,36,Clayton,48
2018-10-19,Lincoln,28,Cole Camp,21
2018-10-19,Tipton,46,Concordia,31
2018-10-19,Lone Jack with Kingsville,7,Crest Ridge,50
2018-10-19,Potosi,3,DeSoto with Kingston,7
2018-10-19,Lockwood with Golden City,36,Diamond,8
2018-10-19,Scott City,42,Doniphan,0
2018-10-19,Fredericktown,22,East Prairie,32
2018-10-19,Pleasant Hill,48,Excelsior Springs,33
2018-10-19,Northwest (Cedar Hill),7,Fox,49
2018-10-19,Rock Bridge,35,Francis Howell,21
2018-10-19,Ft. Zumwalt North,38,Francis Howell Central,14
2018-10-19,Warrenton,7,Ft. Zumwalt East,48
2018-10-19,Missouri Military Academy,6,Fulton,48
2018-10-19,Normandy Collaborative,40,Gateway,20
2018-10-19,West Plains,56,Glendale,18
2018-10-19,Raytown South,12,Grain Valley,48
2018-10-19,Crystal City,27,Grandview (Hillsboro),20
2018-10-19,Battle,41,Hannibal,28
2018-10-19,De Smet Jesuit,51,Helias Catholic,17
2018-10-19,Charleston,52,Herculaneum,6
2018-10-19,Union,41,Hermann,6
2018-10-19,South Shelby,50,Highland,12
2018-10-19,Lebanon,43,Hillcrest,16
2018-10-19,Poplar Bluff,30,Hillsboro,14
2018-10-19,Liberty (Mountain View),41,Houston,13
2018-10-19,St. Vincent,20,Jefferson (Festus),21
2018-10-19,Carl Junction,13,Joplin,49
2018-10-19,Smithville,17,Kearney,14
2018-10-19,Chaffee,0,Kelly,41
2018-10-19,Sikeston,14,Kennett,23
2018-10-19,Camdenton,49,Kickapoo,7
2018-10-19,Marshall,27,Kirksville,26
2018-10-19,Ladue Horton Watkins,34,Kirkwood,21
2018-10-19,Holden,52,Knob Noster,36
2018-10-19,Fayette,30,Knox County,6
2018-10-19,Maryville,27,Lafayette (St. Joseph),7
2018-10-19,East Buchanan,0,Lathrop,56
2018-10-19,Mid-Buchanan,7,Lawson,25
2018-10-19,Blue Springs South,2,Lee's Summit North,19
2018-10-19,Richmond,8,Lexington,44
2018-10-19,Drexel with Miami (Amoret),15,Liberal with Bronaugh,52
2018-10-19,Staley,7,Liberty,31
2018-10-19,Holt,42,Liberty (Wentzville),21
2018-10-19,Summit Christian Academy,43,Lincoln College Prep,27
2018-10-19,Parkway South,12,Lindbergh,43
2018-10-19,Marshfield,33,Logan-Rogersville,0
2018-10-19,Scotland County,44,Louisiana,6
2018-10-19,Chaminade College Prep,0,Lutheran North,40
2018-10-19,Jennings,14,Lutheran St. Charles,25
2018-10-19,Centralia,20,Macon,37
2018-10-19,Dexter,34,Malden,0
2018-10-19,Harrisburg,0,Marceline,49
2018-10-19,Wright City,14,Mark Twain,29
2018-10-19,Lafayette (Wildwood),0,Marquette,35
2018-10-19,Seneca,40,McDonald County,28
2018-10-19,Moberly,34,Mexico,7
2018-10-19,Butler,7,Midway,34
2018-10-19,Polo,6,Milan,36
2018-10-19,Marionville,6,Miller with Everton,14
2018-10-19,Clopton with Elsberry,56,Montgomery County,58
2018-10-19,Hollister,14,Mt. Vernon,20
2018-10-19,Republic,13,Neosho with Neosho Christian,17
2018-10-19,Monett,28,Nevada,0
2018-10-19,Raytown,35,North Kansas City,34
2018-10-19,Penney,26,North Platte,24
2018-10-19,Southeast,61,Northeast (Kansas City),18
2018-10-19,Hickman,17,Oak Park,20
2018-10-19,Harrisonville,18,Odessa,49
2018-10-19,Duchesne,21,Orchard Farm,47
2018-10-19,Eldon,31,Osage,12
2018-10-19,St. James,21,Pacific,14
2018-10-19,Monroe City,26,Palmyra,21
2018-10-19,Liberty North,41,Park Hill South,10
2018-10-19,Waynesville,16,Parkview,56
2018-10-19,Jackson,42,Parkway Central,0
2018-10-19,Miller Career Academy,24,Parkway North,39
2018-10-19,Ft. Zumwalt South,28,Parkway West,35
2018-10-19,Pleasant Hope,0,Pierce City,61
2018-10-19,Grandview,19,Platte County,28
2018-10-19,Hayti,60,Portageville,0
2018-10-19,Gallatin,42,Putnam County,0
2018-10-19,Lee's Summit West,41,Raymore-Peculiar,23
2018-10-19,Pattonville,34,Ritenour,7
2018-10-19,Jefferson City,8,Rockhurst,41
2018-10-19,Central (Springfield),8,Rolla,74
2018-10-19,Fort Osage,58,Ruskin,0
2018-10-19,Cabool,15,Salem,14
2018-10-19,St. Paul Lutheran (Concordia),33,Santa Fe,44
2018-10-19,Ash Grove,6,Sarcoxie,62
2018-10-19,St. Pius X (Kansas City),0,Savannah,42
2018-10-19,Salisbury,34,Schuyler County,30
2018-10-19,Warsaw,44,Skyline,64
2018-10-19,Center,6,Smith-Cotton,29
2018-10-19,North Callaway,32,South Callaway,33
2018-10-19,Princeton with Mercer,21,South Harrison,26
2018-10-19,East Newton,6,Springfield Catholic,42
2018-10-19,Owensville,15,St. Clair,49
2018-10-19,Priory,14,St. Dominic,35
2018-10-19,Sullivan,0,St. Francis Borgia,41
2018-10-19,Carnahan,0,St. Mary's South Side,56
2018-10-19,Valle Catholic,34,St. Pius X (Festus),26
2018-10-19,Greenfield,48,Stockton,12
2018-10-19,Slater,14,Strafford,55
2018-10-19,Wellington-Napoleon,40,Sweet Springs with Malta Bend,26
2018-10-19,Mountain Grove,20,Thayer,6
2018-10-19,Ft. Zumwalt West,7,Timberland,14
2018-10-19,Maysville with Winston,22,Trenton,57
2018-10-19,Lee's Summit,50,Truman,18
2018-10-19,Father Tolton,51,Veritas Christian Academy,48
2018-10-19,Hallsville,34,Versailles,29
2018-10-19,Oak Grove,14,Warrensburg,54
2018-10-19,Francis Howell North,28,Washington,46
2018-10-19,Nixa,14,Webb City,55
2018-10-19,Rockwood Summit,29,Webster Groves,0
2018-10-19,Plattsburg,38,West Platte,28
2018-10-19,Belton,38,William Chrisman,41
2018-10-19,Rich Hill with Hume,13,Windsor,41
2018-10-19,Lift for Life Academy Charter,30,Winfield,26
2018-10-20,McCluer North,13,Hazelwood Central,20
2018-10-20,Hazelwood West,36,Hazelwood East,12
2018-10-20,Central (Kansas City),20,Hogan Prep Academy Charter,69
2018-10-20,North County,36,John Burroughs,42
2018-10-20,Soldan International Studies,0,MICDS,37
2018-10-20,Sumner,0,Perryville,48
2018-10-20,Cuba,24,Principia,35
2018-10-20,McCluer,6,Riverview Gardens,34
2018-10-20,East (Kansas City),34,University Academy Charter,46
2018-10-20,St. Charles,14,University City,41
2018-10-20,Pembroke Hill,44,Van Horn,7
2018-10-20,SLUH,47,Vashon,0
2018-10-20,St. Charles West,19,Westminster Christian Academy,41
2018-10-26,Crystal City,0,Hayti,86
2018-10-26,St. Vincent,37,Brentwood,6
2018-10-26,Chaffee,19,Valle Catholic,54
2018-10-26,Portageville,30,Scott City,54
2018-10-26,Pleasant Hope,0,Pierce City,68
2018-10-26,Cabool,7,Thayer,14
2018-10-26,Ash Grove,12,Skyline,62
2018-10-26,Marionville,6,Miller with Everton,35
2018-10-26,Harrisburg,12,Fayette,56
2018-10-26,Concordia,28,Slater,40
2018-10-26,Santa Fe,20,Tipton,32
2018-10-26,Salisbury,6,Sweet Springs with Malta Bend,34
2018-10-26,Knox County,0,South Shelby,36
2018-10-26,Louisiana,14,Westran,53
2018-10-26,Schuyler County,18,Mark Twain,44
2018-10-26,Rich Hill with Hume,6,Adrian,42
2018-10-26,Diamond,28,Lockwood with Golden City,50
2018-10-26,Appleton City with Montrose,0,Greenfield,44
2018-10-26,Liberal with Bronaugh,52,Jasper,27
2018-10-26,Drexel with Miami (Amoret),12,Midway,43
2018-10-26,Archie,18,Windsor,25
2018-10-26,Sherwood,14,Lincoln,42
2018-10-26,Crest Ridge,20,Cole Camp,27
2018-10-26,Polo,16,Wellington-Napoleon,54
2018-10-26,North Platte,42,Bishop LeBlond,19
2018-10-26,West Platte,27,East Buchanan,34
2018-10-26,Plattsburg,12,Mid-Buchanan,41
2018-10-26,Putnam County,7,Milan,39
2018-10-26,Penney,35,South Harrison,22
2018-10-26,Maysville with Winston,14,Marceline,50
2018-10-26,Princeton with Mercer,30,Gallatin,59
2018-10-26,East Prairie,34,Charleston,44
2018-10-26,Kelly,14,St. Pius X (Festus),18
2018-10-26,Malden,8,Jefferson (Festus),43
2018-10-26,Central (New Madrid County),20,Caruthersville,58
2018-10-26,Grandview (Hillsboro),0,Lutheran North,83
2018-10-26,California,0,Blair Oaks,70
2018-10-26,Hermann,20,Father Tolton,59
2018-10-26,Hallsville,27,South Callaway,28
2018-10-26,Montgomery County,20,North Callaway,22
2018-10-26,Missouri Military Academy,0,Monroe City,52
2018-10-26,Clopton with Elsberry,20,Bowling Green,64
2018-10-26,Highland,0,Clark County,42
2018-10-26,Van-Far with Community,6,Palmyra,41
2018-10-26,Forsyth,0,Ava,72
2018-10-26,Mountain Grove,0,Liberty (Mountain View),35
2018-10-26,Willow Springs,6,Fair Grove,45
2018-10-26,Houston,0,Strafford,20
2018-10-26,Stockton,6,Lamar,63
2018-10-26,Butler,7,Sarcoxie,39
2018-10-26,Warsaw,20,El Dorado Springs,56
2018-10-26,East Newton,6,Versailles,48
2018-10-26,St. Paul Lutheran (Concordia),0,Summit Christian Academy,68
2018-10-26,University Academy Charter,8,Knob Noster,61
2018-10-26,Lone Jack with Kingsville,8,Holden,42
2018-10-26,Richmond,0,Lathrop,49
2018-10-26,Trenton,26,Macon,55
2018-10-26,Brookfield,21,Lawson,35
2018-10-26,Carrollton,0,Lexington,54
2018-10-26,Doniphan,6,Kennett,41
2018-10-26,Potosi,17,Perryville,14
2018-10-26,Fredericktown,10,Central (Park Hills),48
2018-10-26,Dexter,25,Ste. Genevieve,19
2018-10-26,Vashon,12,St. Clair,69
2018-10-26,Bayless,8,Lutheran South,66
2018-10-26,Logan-Rogersville,7,Springfield Catholic,42
2018-10-26,Salem,7,Eldon,28
2018-10-26,Osage,22,Buffalo,27
2018-10-26,Owensville,6,St. James,14
2018-10-26,Clinton,6,Cassville,49
2018-10-26,Hollister,7,Seneca,43
2018-10-26,Nevada,14,Reeds Spring,51
2018-10-26,Aurora,0,Mt. Vernon,12
2018-10-26,Sumner,0,Trinity Catholic,88
2018-10-26,McCluer South-Berkeley,28,Orchard Farm,17
2018-10-26,Normandy Collaborative,18,St. Charles West,58
2018-10-26,Soldan International Studies,6,Lutheran St. Charles,54
2018-10-26,Fulton,7,Moberly,48
2018-10-26,Centralia,40,Mexico,53
2018-10-26,Wright City,14,Southern Boone,55
2018-10-26,Veritas Christian Academy,36,Winfield,43
2018-10-26,Oak Grove,7,Odessa,62
2018-10-26,Pleasant Hill,32,Center,14
2018-10-26,Southeast,0,Pembroke Hill,42
2018-10-26,Benton,20,Chillicothe,41
2018-10-26,Central (Kansas City),0,Savannah,82
2018-10-26,Cameron,15,St. Pius X (Kansas City),41
2018-10-26,Cardinal Ritter,13,Confluence Prep Academy Charter,0
2018-10-26,Maryville,13,Northeast (Kansas City),0
2018-10-26,Central (Cape Girardeau),0,West Plains,61
2018-10-26,Sikeston,32,North County,30
2018-10-26,Hillsboro,43,Farmington,54
2018-10-26,DeSoto with Kingston,6,Festus,36
2018-10-26,Affton,6,St. Mary's South Side,48
2018-10-26,Gateway,8,Rockwood Summit,51
2018-10-26,Pacific,7,Camdenton,55
2018-10-26,Helias Catholic,46,Union,21
2018-10-26,Sullivan,0,St. Francis Borgia,41
2018-10-26,Washington,7,Rolla,50
2018-10-26,McDonald County,13,Webb City,55
2018-10-26,Hillcrest,12,Carl Junction,43
2018-10-26,Monett,20,Neosho with Neosho Christian,49
2018-10-26,Bolivar,20,Marshfield,24
2018-10-26,Jennings,26,Clayton,7
2018-10-26,Riverview Gardens,6,Parkway North,56
2018-10-26,Warrenton,14,Ft. Zumwalt East,42
2018-10-26,St. Charles,0,Hannibal,56
2018-10-26,East (Kansas City),14,Warrensburg,52
2018-10-26,Grandview,27,Grain Valley,20
2018-10-26,Raytown South,36,Van Horn,41
2018-10-26,Harrisonville,34,Lincoln College Prep,28
2018-10-26,Winnetonka,21,Platte County,57
2018-10-26,Lafayette (St. Joseph),37,Excelsior Springs,46
2018-10-26,Kirksville,15,Smithville,45
2018-10-26,Marshall,6,Kearney,51
2018-10-26,Oakville,33,Poplar Bluff,36
2018-10-26,Parkway South,0,Chaminade College Prep,62
2018-10-26,Webster Groves,14,Parkway West,41
2018-10-26,Central (Springfield),0,Glendale,64
2018-10-26,Branson,9,Republic,34
2018-10-26,Francis Howell North,23,Liberty (Wentzville),49
2018-10-26,Hickman,7,Smith-Cotton,10
2018-10-26,Ruskin,28,Belton,54
2018-10-26,Truman,14,William Chrisman,38
2018-10-26,Oak Park,28,Central (St. Joseph),7
2018-10-26,SLUH,0,Christian Brothers College,63
2018-10-26,Ritenour,7,De Smet Jesuit,49
2018-10-26,Marquette,17,Pattonville,21
2018-10-26,Ozark,7,Eureka,41
2018-10-26,Lafayette (Wildwood),6,Kirkwood,44
2018-10-26,Kickapoo,13,Joplin,77
2018-10-26,Northwest (Cedar Hill),13,Lindbergh,42
2018-10-26,Francis Howell Central,20,Rock Bridge,47
2018-10-26,Ft. Zumwalt West,27,Francis Howell,35
2018-10-26,Blue Springs South,35,Troy Buchanan,14
2018-10-26,Jefferson City,0,Blue Springs,36
2018-10-26,Raymore-Peculiar,14,Lee's Summit North,26
2018-10-26,Park Hill,14,Liberty,20
2018-10-26,Liberty North,13,Lee's Summit West,21
2018-10-26,Lee's Summit,7,Rockhurst,45
2018-10-27,Duchesne,15,Carnahan,14
2018-10-27,Cuba,6,Lift for Life Academy Charter,90
2018-10-27,Herculaneum,0,Principia,42
2018-10-27,Miller Career Academy,26,John Burroughs,7
2018-10-27,Boonville,14,Hogan Prep Academy Charter,32
2018-10-27,University City,6,Hazelwood East,50
2018-10-27,McCluer,0,MICDS,42
2018-10-27,St. Dominic,20,Priory,37
2018-10-27,Parkway Central,17,Westminster Christian Academy,35
2018-10-27,Hazelwood West,20,Hazelwood Central,14
2018-11-02,St. Vincent,13,Hayti,74
2018-11-02,Scott City,28,Valle Catholic,56
2018-11-02,Thayer,42,Pierce City,7
2018-11-02,Miller with Everton,44,Skyline,16
2018-11-02,Slater,6,Fayette,60
2018-11-02,Sweet Springs with Malta Bend,12,Tipton,0
2018-11-02,South Shelby,46,Scotland County,28
2018-11-02,Mark Twain,7,Westran,39
2018-11-02,Lockwood with Golden City,0,Adrian,24
2018-11-02,Liberal with Bronaugh,22,Greenfield,20
2018-11-02,Windsor,14,Midway,24
2018-11-02,Cole Camp,0,Lincoln,14
2018-11-02,North Platte,30,Wellington-Napoleon,46
2018-11-02,Mid-Buchanan,42,East Buchanan,20
2018-11-02,Penney,20,Milan,13
2018-11-02,Gallatin,0,Marceline,29
2018-11-02,St. Pius X (Festus),27,Charleston,50
2018-11-02,Caruthersville,30,Jefferson (Festus),7
2018-11-02,Duchesne,0,Lutheran North,68
2018-11-02,Father Tolton,6,Blair Oaks,70
2018-11-02,North Callaway,6,South Callaway,14
2018-11-02,Bowling Green,12,Monroe City,48
2018-11-02,Palmyra,0,Clark County,36
2018-11-02,Liberty (Mountain View),28,Ava,36
2018-11-02,Strafford,12,Fair Grove,20
2018-11-02,Sarcoxie,6,Lamar,36
2018-11-02,Versailles,48,El Dorado Springs,36
2018-11-02,Knob Noster,28,Summit Christian Academy,49
2018-11-02,Lafayette County,35,Holden,46
2018-11-02,Macon,14,Lathrop,45
2018-11-02,Lexington,8,Lawson,15
2018-11-02,Potosi,9,Kennett,48
2018-11-02,Dexter,6,Central (Park Hills),13
2018-11-02,Miller Career Academy,12,Cardinal Ritter,55
2018-11-02,Lutheran South,27,St. Clair,20
2018-11-02,Eldon,14,Springfield Catholic,40
2018-11-02,St. James,36,Buffalo,50
2018-11-02,Seneca,29,Cassville,35
2018-11-02,Mt. Vernon,43,Reeds Spring,7
2018-11-02,McCluer South-Berkeley,10,Trinity Catholic,71
2018-11-02,Lutheran St. Charles,8,St. Charles West,42
2018-11-02,Mexico,0,Moberly,47
2018-11-02,Winfield,6,Southern Boone,30
2018-11-02,Pleasant Hill,28,Odessa,63
2018-11-02,Hogan Prep Academy Charter,12,Pembroke Hill,14
2018-11-02,Chillicothe,7,Maryville,38
2018-11-02,St. Pius X (Kansas City),10,Savannah,50
2018-11-02,Sikeston,0,West Plains,43
2018-11-02,Festus,28,Farmington,21
2018-11-02,St. Mary's South Side,7,Ladue Horton Watkins,42
2018-11-02,Helias Catholic,35,Camdenton,57
2018-11-02,Rolla,14,St. Francis Borgia,52
2018-11-02,Carl Junction,7,Webb City,54
2018-11-02,Marshfield,7,Neosho with Neosho Christian,35
2018-11-02,Priory,0,Ft. Zumwalt East,31
2018-11-02,Westminster Christian Academy,14,Hannibal,49
2018-11-02,Grandview,14,Warrensburg,31
2018-11-02,Harrisonville,34,Van Horn,14
2018-11-02,Excelsior Springs,20,Platte County,28
2018-11-02,Kearney,10,Smithville,24
2018-11-02,Poplar Bluff,0,Jackson,49
2018-11-02,Seckman,35,Fox,62
2018-11-02,Chaminade College Prep,51,Mehlville,7
2018-11-02,Parkway West,14,Vianney,56
2018-11-02,Glendale,6,Lebanon,70
2018-11-02,Waynesville,7,Willard,42
2018-11-02,Republic,10,Carthage,49
2018-11-02,Nixa,41,Parkview,42
2018-11-02,Liberty (Wentzville),2,Ft. Zumwalt North,37
2018-11-02,Smith-Cotton,9,Timberland,30
2018-11-02,Holt,44,Battle,48
2018-11-02,Belton,35,Raytown,7
2018-11-02,William Chrisman,14,Fort Osage,45
2018-11-02,Oak Park,0,Staley,24
2018-11-02,Park Hill South,17,North Kansas City,28
2018-11-02,Hazelwood West,8,Christian Brothers College,69
2018-11-02,Pattonville,7,De Smet Jesuit,35
2018-11-02,Kirkwood,25,Eureka,14
2018-11-02,Lindbergh,10,Joplin,56
2018-11-02,Francis Howell,10,Rock Bridge,35
2018-11-02,Blue Springs,31,Blue Springs South,21
2018-11-02,Liberty,7,Lee's Summit North,42
2018-11-02,Rockhurst,38,Lee's Summit West,14
2018-11-03,Principia,7,Lift for Life Academy Charter,30
2018-11-03,Jennings,6,Hazelwood East,44
2018-11-03,Parkway North,18,MICDS,21
2018-11-03,Ft. Zumwalt South,6,McCluer North,33
2018-11-09,Valle Catholic,7,Hayti,28
2018-11-09,Miller with Everton,16,Thayer,42
2018-11-09,Sweet Springs with Malta Bend,6,Fayette,44
2018-11-09,Westran,31,South Shelby,8
2018-11-09,Liberal with Bronaugh,6,Adrian,29
2018-11-09,Lincoln,27,Midway,0
2018-11-09,Mid-Buchanan,36,Wellington-Napoleon,6
2018-11-09,Marceline,26,Penney,31
2018-11-09,Caruthersville,20,Charleston,12
2018-11-09,Lift for Life Academy Charter,0,Lutheran North,51
2018-11-09,South Callaway,2,Blair Oaks,49
2018-11-09,Clark County,20,Monroe City,0
2018-11-09,Fair Grove,27,Ava,56
2018-11-09,Versailles,28,Lamar,51
2018-11-09,Holden,12,Summit Christian Academy,49
2018-11-09,Lawson,6,Lathrop,41
2018-11-09,Central (Park Hills),20,Kennett,42
2018-11-09,Lutheran South,0,Cardinal Ritter,56
2018-11-09,Buffalo,6,Springfield Catholic,42
2018-11-09,Mt. Vernon,34,Cassville,14
2018-11-09,St. Charles West,6,Trinity Catholic,39
2018-11-09,Southern Boone,12,Moberly,6
2018-11-09,Pembroke Hill,6,Odessa,49
2018-11-09,Savannah,12,Maryville,34
2018-11-09,Festus,6,West Plains,45
2018-11-09,Rockwood Summit,15,Ladue Horton Watkins,38
2018-11-09,St. Francis Borgia,13,Camdenton,24
2018-11-09,Neosho with Neosho Christian,7,Webb City,35
2018-11-09,Hannibal,48,Ft. Zumwalt East,34
2018-11-09,Harrisonville,28,Warrensburg,35
2018-11-09,Smithville,33,Platte County,28
2018-11-09,Fox,23,Jackson,42
2018-11-09,Vianney,55,Chaminade College Prep,14
2018-11-09,Willard,19,Lebanon,32
2018-11-09,Parkview,16,Carthage,65
2018-11-09,McCluer North,18,Ft. Zumwalt North,43
2018-11-09,Battle,34,Timberland,14
2018-11-09,Fort Osage,28,Belton,7
2018-11-09,North Kansas City,0,Staley,44
2018-11-09,De Smet Jesuit,28,Christian Brothers College,63
2018-11-09,Joplin,49,Kirkwood,14
2018-11-09,Blue Springs,29,Rock Bridge,27
2018-11-09,Rockhurst,10,Lee's Summit North,3
2018-11-10,MICDS,25,Hazelwood East,14
2018-11-16,Lutheran North,51,Caruthersville,8
2018-11-16,Lathrop,41,Summit Christian Academy,14
2018-11-16,Southern Boone,17,Trinity Catholic,27
2018-11-16,Smithville,45,Warrensburg,6
2018-11-16,Carthage,43,Lebanon,8
2018-11-16,Battle,26,Ft. Zumwalt North,14
2018-11-17,Thayer,12,Hayti,46
2018-11-17,Westran,35,Fayette,6
2018-11-17,Lincoln,38,Adrian,14
2018-11-17,Penney,21,Mid-Buchanan,41
2018-11-17,Clark County,6,Blair Oaks,55
2018-11-17,Lamar,35,Ava,30
2018-11-17,Cardinal Ritter,42,Kennett,9
2018-11-17,Mt. Vernon,26,Springfield Catholic,18
2018-11-17,Maryville,29,Odessa,6
2018-11-17,Ladue Horton Watkins,26,West Plains,0
2018-11-17,Webb City,28,Camdenton,27
2018-11-17,Hannibal,21,MICDS,34
2018-11-17,Vianney,69,Jackson,28
2018-11-17,Staley,3,Fort Osage,33
2018-11-17,Joplin,21,Christian Brothers College,56
2018-11-17,Rockhurst,14,Blue Springs,13
2018-11-22,Kirkwood,75,Webster Groves,34
2018-11-24,Westran,0,Hayti,54
2018-11-24,Mid-Buchanan,13,Lincoln,14
2018-11-24,Blair Oaks,48,Lutheran North,21
2018-11-24,Lathrop,28,Lamar,21
2018-11-24,Mt. Vernon,6,Cardinal Ritter,49
2018-11-24,Maryville,14,Trinity Catholic,36
2018-11-24,Webb City,13,Ladue Horton Watkins,17
2018-11-24,Smithville,14,MICDS,20
2018-11-24,Carthage,21,Vianney,36
2018-11-24,Fort Osage,46,Battle,30
2018-11-24,Rockhurst,21,Christian Brothers College,45
2018-11-30,Lathrop,0,Blair Oaks,54
2018-11-30,MICDS,11,Ladue Horton Watkins,48
2018-12-01,Lincoln,0,Hayti,44
2018-12-01,Trinity Catholic,45,Cardinal Ritter,19
2018-12-01,Fort Osage,14,Vianney,28
